player_id,player_name,team_id,position,class_year,games_played,minutes,mpg,usage_rate,points,ppg,efg_pct,ts_pct,three_point_attempts,three_point_pct,free_throw_attempts,free_throw_pct,turnover_rate,assist_rate,offensive_rebound_rate,defensive_rebound_rate,steal_rate,block_rate,foul_rate,data_source
illinois_1,David Anderson,illinois,G,So,16,394.3,24.6,0.185,245.8,15.4,0.444,0.457,177,0.292,71,0.736,0.108,0.2,0.045,0.206,0.016,0.015,0.022,DEMO
illinois_2,Derek King,illinois,F,Fr,17,396.0,23.3,0.244,146.3,8.6,0.504,0.519,125,0.336,43,0.656,0.203,0.239,0.065,0.118,0.029,0.027,0.021,DEMO
illinois_3,Ethan Martin,illinois,G,Fr,26,684.3,26.4,0.191,176.8,6.8,0.528,0.509,266,0.29,130,0.661,0.129,0.07,0.049,0.09,0.036,0.051,0.062,DEMO
illinois_4,Tyler Moore,illinois,G,So,20,507.4,25.4,0.162,94.2,4.7,0.453,0.435,164,0.305,117,0.717,0.198,0.118,0.051,0.133,0.028,0.02,0.051,DEMO
illinois_5,Noah Moore,illinois,G,Sr,22,506.9,24.1,0.293,266.0,12.1,0.442,0.492,212,0.348,77,0.804,0.19,0.104,0.085,0.169,0.018,0.013,0.062,DEMO
illinois_6,Ryan Lewis,illinois,F,Jr,18,604.7,33.6,0.164,91.9,5.1,0.566,0.556,140,0.361,115,0.747,0.2,0.091,0.021,0.099,0.037,0.053,0.05,DEMO
illinois_7,Kevin Scott,illinois,G,So,18,455.4,25.3,0.219,152.3,8.5,0.503,0.487,169,0.303,83,0.639,0.129,0.128,0.055,0.13,0.032,0.021,0.048,DEMO
illinois_8,Cameron Anderson,illinois,C,So,26,529.8,20.4,0.27,269.7,10.4,0.454,0.437,174,0.317,87,0.632,0.172,0.117,0.113,0.095,0.012,0.045,0.045,DEMO
purdue_9,Brandon Brown,purdue,F,Sr,19,492.1,25.9,0.251,267.0,14.1,0.531,0.533,127,0.363,116,0.641,0.116,0.24,0.074,0.106,0.026,0.053,0.057,DEMO
purdue_10,Devin Adams,purdue,G,Jr,27,782.2,29.0,0.195,303.2,11.2,0.455,0.514,126,0.412,185,0.782,0.122,0.164,0.13,0.085,0.031,0.021,0.066,DEMO
purdue_11,Jayden King,purdue,F,Sr,23,764.7,33.2,0.258,432.2,18.8,0.471,0.517,251,0.285,76,0.673,0.109,0.189,0.061,0.181,0.012,0.022,0.047,DEMO
purdue_12,Malik Brown,purdue,G,Jr,26,742.5,28.6,0.246,192.6,7.4,0.424,0.474,306,0.283,177,0.742,0.196,0.25,0.062,0.187,0.022,0.031,0.051,DEMO
purdue_13,Ethan Moore,purdue,F,Fr,28,887.1,31.7,0.187,313.6,11.2,0.538,0.537,227,0.295,115,0.686,0.128,0.058,0.022,0.218,0.023,0.026,0.054,DEMO
purdue_14,Jake Taylor,purdue,G,Jr,28,868.0,31.0,0.218,505.5,18.1,0.571,0.589,173,0.366,103,0.848,0.213,0.18,0.093,0.152,0.017,0.015,0.031,DEMO
purdue_15,Kyle Adams,purdue,G,Fr,21,579.4,27.6,0.296,338.8,16.1,0.568,0.628,155,0.304,114,0.794,0.118,0.213,0.047,0.111,0.026,0.038,0.049,DEMO
purdue_16,Nate Thompson,purdue,C,Jr,30,311.4,10.4,0.162,64.6,2.2,0.562,0.619,122,0.401,54,0.771,0.11,0.132,0.065,0.116,0.032,0.032,0.024,DEMO
purdue_17,Devin White,purdue,G,So,26,356.8,13.7,0.279,139.3,5.4,0.497,0.524,90,0.395,62,0.776,0.132,0.226,0.116,0.172,0.036,0.053,0.055,DEMO
michigan_18,Mason Hall,michigan,G,So,26,773.8,29.8,0.265,171.9,6.6,0.561,0.611,307,0.284,105,0.65,0.189,0.082,0.118,0.196,0.025,0.005,0.034,DEMO
michigan_19,Chris Thompson,michigan,F,Sr,26,822.2,31.6,0.162,378.1,14.5,0.506,0.549,311,0.295,200,0.744,0.141,0.177,0.132,0.094,0.038,0.043,0.023,DEMO
michigan_20,Cole Young,michigan,F,So,17,444.8,26.2,0.213,140.5,8.3,0.519,0.503,196,0.402,92,0.843,0.116,0.202,0.023,0.083,0.02,0.032,0.059,DEMO
michigan_21,Kevin Wright,michigan,F,Fr,20,515.3,25.8,0.28,183.4,9.2,0.492,0.485,184,0.391,48,0.671,0.182,0.181,0.053,0.213,0.015,0.029,0.067,DEMO
michigan_22,Jayden Scott,michigan,F,Jr,22,545.0,24.8,0.164,346.0,15.7,0.485,0.537,116,0.312,103,0.627,0.144,0.223,0.077,0.216,0.016,0.053,0.059,DEMO
michigan_23,Nate Brown,michigan,C,So,28,809.1,28.9,0.22,168.7,6.0,0.425,0.479,314,0.366,80,0.731,0.115,0.187,0.072,0.108,0.025,0.009,0.049,DEMO
michigan_24,Jordan Hall,michigan,F,Sr,20,559.0,28.0,0.193,83.1,4.2,0.432,0.443,184,0.347,110,0.687,0.203,0.206,0.025,0.147,0.013,0.018,0.069,DEMO
michigan_25,Cole Thompson,michigan,C,So,23,269.2,11.7,0.219,133.0,5.8,0.51,0.49,82,0.326,37,0.64,0.104,0.066,0.068,0.099,0.027,0.043,0.06,DEMO
michigan_26,Derek Taylor,michigan,F,Jr,18,237.7,13.2,0.137,109.6,6.1,0.533,0.516,39,0.411,47,0.744,0.205,0.193,0.116,0.128,0.034,0.009,0.065,DEMO
michigan_27,Ethan Harris,michigan,C,Jr,29,644.9,22.2,0.192,299.6,10.3,0.504,0.543,108,0.291,69,0.677,0.205,0.094,0.137,0.127,0.015,0.048,0.053,DEMO
michigan_state_28,Ben Garcia,michigan_state,G,Fr,27,623.9,23.1,0.299,393.2,14.6,0.524,0.52,107,0.375,77,0.627,0.156,0.224,0.107,0.184,0.023,0.024,0.039,DEMO
michigan_state_29,Brandon Miller,michigan_state,G,So,29,976.7,33.7,0.221,493.7,17.0,0.498,0.548,270,0.406,176,0.684,0.209,0.092,0.095,0.168,0.032,0.012,0.056,DEMO
michigan_state_30,Mason Brown,michigan_state,C,Sr,19,601.1,31.6,0.275,140.3,7.4,0.557,0.576,247,0.315,100,0.722,0.143,0.169,0.04,0.135,0.039,0.019,0.053,DEMO
michigan_state_31,Mason Thompson,michigan_state,C,Jr,18,494.5,27.5,0.275,182.8,10.2,0.458,0.444,151,0.304,109,0.698,0.152,0.1,0.094,0.179,0.015,0.014,0.022,DEMO
michigan_state_32,Jake King,michigan_state,G,Fr,23,624.4,27.1,0.273,271.9,11.8,0.559,0.555,144,0.296,106,0.633,0.212,0.058,0.035,0.143,0.038,0.022,0.045,DEMO
michigan_state_33,Kevin Hall,michigan_state,F,Jr,31,464.0,15.0,0.274,67.4,2.2,0.572,0.603,132,0.402,75,0.739,0.18,0.078,0.024,0.123,0.031,0.016,0.054,DEMO
michigan_state_34,Elijah Martin,michigan_state,G,So,26,863.7,33.2,0.282,199.9,7.7,0.531,0.578,306,0.412,159,0.734,0.204,0.164,0.024,0.21,0.031,0.042,0.031,DEMO
michigan_state_35,Marcus King,michigan_state,C,Jr,22,552.9,25.1,0.224,108.4,4.9,0.525,0.585,245,0.287,126,0.714,0.194,0.163,0.109,0.203,0.022,0.023,0.053,DEMO
michigan_state_36,Ben Davis,michigan_state,G,Jr,28,812.1,29.0,0.221,448.1,16.0,0.439,0.463,200,0.281,119,0.704,0.183,0.128,0.074,0.113,0.021,0.017,0.024,DEMO
ohio_state_37,Devin Wright,ohio_state,G,So,25,634.1,25.4,0.213,364.3,14.6,0.503,0.521,160,0.284,93,0.707,0.17,0.157,0.093,0.187,0.034,0.044,0.068,DEMO
ohio_state_38,Mason Jackson,ohio_state,G,Sr,16,254.6,15.9,0.286,67.4,4.2,0.568,0.553,65,0.411,41,0.643,0.131,0.107,0.057,0.192,0.026,0.022,0.051,DEMO
ohio_state_39,Brandon White,ohio_state,G,Jr,22,585.6,26.6,0.185,283.1,12.9,0.449,0.471,106,0.379,72,0.75,0.216,0.147,0.117,0.157,0.011,0.04,0.068,DEMO
ohio_state_40,Jayden Taylor,ohio_state,F,Fr,30,851.5,28.4,0.156,211.9,7.1,0.518,0.531,357,0.398,102,0.701,0.194,0.105,0.119,0.139,0.03,0.01,0.051,DEMO
ohio_state_41,David Garcia,ohio_state,G,Fr,18,427.2,23.7,0.281,107.3,6.0,0.435,0.417,141,0.37,51,0.746,0.147,0.169,0.08,0.218,0.014,0.043,0.04,DEMO
ohio_state_42,Derek Allen,ohio_state,G,Sr,27,711.5,26.4,0.178,138.7,5.1,0.536,0.562,123,0.318,165,0.64,0.123,0.115,0.047,0.13,0.012,0.034,0.023,DEMO
ohio_state_43,Nate Robinson,ohio_state,G,Sr,24,691.4,28.8,0.251,283.0,11.8,0.472,0.479,309,0.374,120,0.772,0.188,0.143,0.027,0.159,0.039,0.015,0.055,DEMO
ohio_state_44,Noah Wright,ohio_state,F,So,24,317.4,13.2,0.135,116.8,4.9,0.541,0.549,123,0.373,38,0.833,0.148,0.08,0.139,0.21,0.026,0.051,0.046,DEMO
ohio_state_45,Malik Allen,ohio_state,F,Jr,17,411.6,24.2,0.241,85.1,5.0,0.552,0.595,66,0.379,51,0.69,0.143,0.068,0.132,0.158,0.019,0.027,0.042,DEMO
indiana_46,Brandon Taylor,indiana,C,So,30,708.5,23.6,0.2,452.7,15.1,0.556,0.553,131,0.41,102,0.808,0.205,0.224,0.117,0.191,0.019,0.009,0.04,DEMO
indiana_47,Cameron Johnson,indiana,G,So,21,543.9,25.9,0.25,301.4,14.4,0.441,0.49,161,0.409,114,0.759,0.121,0.151,0.068,0.1,0.021,0.009,0.021,DEMO
indiana_48,Marcus Brown,indiana,F,Fr,24,750.3,31.3,0.275,269.4,11.2,0.47,0.49,136,0.342,87,0.767,0.174,0.18,0.038,0.089,0.033,0.03,0.023,DEMO
indiana_49,Tyler Baker,indiana,F,Fr,27,914.4,33.9,0.277,240.0,8.9,0.443,0.432,164,0.322,82,0.779,0.161,0.249,0.118,0.166,0.019,0.039,0.046,DEMO
indiana_50,Tyler Robinson,indiana,F,So,30,572.3,19.1,0.192,137.5,4.6,0.479,0.492,211,0.396,46,0.797,0.15,0.146,0.022,0.116,0.033,0.013,0.047,DEMO
indiana_51,Jake Garcia,indiana,F,So,19,258.3,13.6,0.276,140.4,7.4,0.574,0.593,81,0.295,57,0.725,0.112,0.148,0.038,0.125,0.032,0.031,0.039,DEMO
indiana_52,David Baker,indiana,G,Sr,28,593.3,21.2,0.294,318.2,11.4,0.47,0.506,134,0.341,51,0.813,0.208,0.142,0.096,0.172,0.037,0.04,0.051,DEMO
indiana_53,Andre Moore,indiana,C,Fr,27,321.4,11.9,0.202,155.2,5.7,0.427,0.413,55,0.38,26,0.636,0.215,0.198,0.062,0.122,0.02,0.048,0.053,DEMO
indiana_54,Jake Martin,indiana,G,Jr,18,230.7,12.8,0.252,121.1,6.7,0.462,0.444,101,0.292,48,0.688,0.175,0.126,0.045,0.097,0.028,0.048,0.052,DEMO
indiana_55,Andre Thompson,indiana,C,Fr,16,348.6,21.8,0.275,189.0,11.8,0.467,0.525,113,0.364,75,0.792,0.179,0.076,0.061,0.21,0.017,0.025,0.042,DEMO
iowa_56,Malik King,iowa,G,Jr,31,752.0,24.3,0.177,181.7,5.9,0.562,0.594,296,0.32,168,0.818,0.21,0.1,0.111,0.144,0.035,0.045,0.059,DEMO
iowa_57,Kyle Moore,iowa,G,So,24,601.4,25.1,0.291,98.9,4.1,0.446,0.437,237,0.382,99,0.669,0.201,0.197,0.085,0.163,0.025,0.021,0.048,DEMO
iowa_58,Derek Martin,iowa,C,So,26,766.1,29.5,0.242,170.8,6.6,0.494,0.475,281,0.315,74,0.848,0.148,0.21,0.044,0.158,0.032,0.039,0.029,DEMO
iowa_59,Ryan Taylor,iowa,F,Fr,24,664.2,27.7,0.121,347.6,14.5,0.426,0.465,290,0.308,90,0.705,0.118,0.111,0.125,0.219,0.021,0.03,0.056,DEMO
iowa_60,Noah Davis,iowa,C,Fr,22,682.9,31.0,0.186,335.1,15.2,0.421,0.45,265,0.33,122,0.641,0.158,0.178,0.028,0.161,0.027,0.036,0.05,DEMO
iowa_61,Tyler Wright,iowa,G,So,20,562.0,28.1,0.23,101.9,5.1,0.429,0.436,203,0.39,94,0.801,0.153,0.079,0.059,0.141,0.013,0.017,0.05,DEMO
iowa_62,Andre Garcia,iowa,G,Sr,30,959.0,32.0,0.219,442.1,14.7,0.546,0.535,385,0.337,169,0.708,0.171,0.087,0.063,0.127,0.011,0.006,0.062,DEMO
iowa_63,Malik Baker,iowa,F,Fr,24,362.4,15.1,0.168,222.2,9.3,0.461,0.476,145,0.402,78,0.663,0.155,0.147,0.036,0.091,0.032,0.032,0.042,DEMO
wisconsin_64,Marcus Harris,wisconsin,C,Jr,18,491.6,27.3,0.218,103.5,5.7,0.54,0.573,83,0.414,62,0.633,0.131,0.099,0.129,0.115,0.018,0.047,0.042,DEMO
wisconsin_65,Elijah Martin,wisconsin,C,Sr,23,648.5,28.2,0.125,113.0,4.9,0.565,0.556,177,0.355,151,0.7,0.103,0.183,0.136,0.158,0.038,0.008,0.041,DEMO
wisconsin_66,Jordan Thomas,wisconsin,G,So,31,825.1,26.6,0.252,199.6,6.4,0.51,0.528,274,0.416,82,0.7,0.118,0.095,0.05,0.199,0.027,0.034,0.026,DEMO
wisconsin_67,Ethan King,wisconsin,G,Fr,17,516.2,30.4,0.236,94.8,5.6,0.493,0.512,223,0.303,100,0.815,0.155,0.132,0.098,0.156,0.012,0.033,0.06,DEMO
wisconsin_68,Jayden Williams,wisconsin,F,Sr,28,558.3,19.9,0.152,152.0,5.4,0.446,0.453,170,0.386,127,0.667,0.206,0.224,0.049,0.143,0.04,0.047,0.021,DEMO
wisconsin_69,Jayden Robinson,wisconsin,G,Fr,30,638.4,21.3,0.23,124.9,4.2,0.525,0.571,244,0.333,73,0.842,0.163,0.107,0.115,0.161,0.029,0.049,0.04,DEMO
wisconsin_70,Tyler Walker,wisconsin,G,Fr,18,572.3,31.8,0.271,172.4,9.6,0.557,0.61,254,0.319,65,0.652,0.122,0.229,0.099,0.101,0.023,0.039,0.024,DEMO
wisconsin_71,Malik Davis,wisconsin,F,So,28,866.4,30.9,0.201,542.7,19.4,0.487,0.546,294,0.374,199,0.658,0.151,0.082,0.022,0.158,0.026,0.045,0.065,DEMO
wisconsin_72,Mason Brown,wisconsin,G,Sr,27,271.7,10.1,0.28,150.1,5.6,0.507,0.543,79,0.324,42,0.809,0.143,0.149,0.119,0.127,0.015,0.044,0.061,DEMO
minnesota_73,Jordan Allen,minnesota,F,Jr,18,302.4,16.8,0.176,111.3,6.2,0.54,0.572,77,0.367,48,0.814,0.217,0.177,0.035,0.175,0.02,0.043,0.023,DEMO
minnesota_74,Nate Harris,minnesota,F,So,19,553.2,29.1,0.254,156.3,8.2,0.523,0.558,133,0.352,47,0.669,0.136,0.181,0.133,0.202,0.033,0.048,0.053,DEMO
minnesota_75,Ryan Jackson,minnesota,F,Fr,26,783.7,30.1,0.21,155.5,6.0,0.492,0.508,246,0.401,192,0.707,0.113,0.135,0.025,0.184,0.038,0.02,0.063,DEMO
minnesota_76,Ryan Walker,minnesota,G,Fr,28,846.0,30.2,0.163,528.1,18.9,0.536,0.541,198,0.396,83,0.821,0.184,0.158,0.032,0.114,0.01,0.031,0.035,DEMO
minnesota_77,Noah Moore,minnesota,G,Jr,20,471.1,23.6,0.167,280.0,14.0,0.556,0.59,196,0.363,44,0.663,0.129,0.209,0.024,0.162,0.04,0.052,0.046,DEMO
minnesota_78,Devin Baker,minnesota,G,Fr,25,715.7,28.6,0.173,427.7,17.1,0.527,0.573,230,0.403,109,0.739,0.138,0.137,0.113,0.164,0.037,0.029,0.05,DEMO
minnesota_79,Devin Thomas,minnesota,F,So,27,659.2,24.4,0.158,263.0,9.7,0.437,0.447,227,0.348,120,0.839,0.189,0.151,0.096,0.09,0.018,0.025,0.044,DEMO
minnesota_80,Mason Scott,minnesota,F,Fr,31,471.1,15.2,0.173,180.8,5.8,0.451,0.48,99,0.319,38,0.739,0.101,0.094,0.024,0.095,0.02,0.049,0.049,DEMO
minnesota_81,Jake Davis,minnesota,F,So,20,426.6,21.3,0.269,145.6,7.3,0.434,0.463,108,0.296,97,0.737,0.159,0.19,0.139,0.098,0.018,0.027,0.041,DEMO
northwestern_82,Brandon King,northwestern,G,So,27,814.1,30.2,0.203,451.6,16.7,0.573,0.619,277,0.28,100,0.632,0.107,0.171,0.102,0.096,0.022,0.03,0.038,DEMO
northwestern_83,Elijah Walker,northwestern,F,So,28,570.6,20.4,0.131,104.4,3.7,0.477,0.532,201,0.374,103,0.703,0.101,0.177,0.13,0.166,0.036,0.045,0.026,DEMO
northwestern_84,Jordan Allen,northwestern,F,Jr,24,755.1,31.5,0.143,112.3,4.7,0.488,0.491,244,0.348,76,0.63,0.167,0.119,0.108,0.171,0.035,0.043,0.041,DEMO
northwestern_85,Nate Baker,northwestern,C,Fr,20,509.9,25.5,0.246,186.7,9.3,0.548,0.594,216,0.4,68,0.719,0.17,0.124,0.092,0.179,0.031,0.026,0.028,DEMO
northwestern_86,Cole Martin,northwestern,G,Jr,30,575.8,19.2,0.182,89.6,3.0,0.523,0.554,98,0.328,76,0.714,0.181,0.171,0.064,0.111,0.04,0.03,0.054,DEMO
northwestern_87,Marcus Jackson,northwestern,G,So,16,347.4,21.7,0.295,116.4,7.3,0.426,0.409,68,0.334,72,0.625,0.155,0.108,0.128,0.096,0.039,0.022,0.064,DEMO
northwestern_88,Chris King,northwestern,F,Sr,31,884.6,28.5,0.166,551.5,17.8,0.482,0.493,276,0.328,154,0.655,0.165,0.202,0.12,0.142,0.019,0.019,0.03,DEMO
northwestern_89,Brandon Brown,northwestern,G,So,31,465.8,15.0,0.209,201.7,6.5,0.442,0.458,138,0.368,115,0.712,0.206,0.175,0.088,0.167,0.016,0.027,0.022,DEMO
northwestern_90,Devin Lewis,northwestern,G,So,24,488.7,20.4,0.295,292.1,12.2,0.536,0.558,92,0.402,49,0.802,0.195,0.105,0.125,0.212,0.014,0.03,0.069,DEMO
nebraska_91,Jayden Thomas,nebraska,G,Jr,25,731.8,29.3,0.2,178.9,7.2,0.542,0.553,217,0.352,166,0.753,0.218,0.132,0.119,0.187,0.027,0.058,0.03,DEMO
nebraska_92,Devin Moore,nebraska,G,So,23,668.8,29.1,0.285,116.4,5.1,0.561,0.577,226,0.351,55,0.833,0.157,0.188,0.107,0.177,0.014,0.021,0.038,DEMO
nebraska_93,Devin Wright,nebraska,G,Sr,19,549.4,28.9,0.161,352.6,18.6,0.528,0.575,84,0.321,121,0.79,0.189,0.079,0.11,0.188,0.03,0.047,0.062,DEMO
nebraska_94,Kyle Adams,nebraska,G,So,23,550.9,24.0,0.217,190.8,8.3,0.431,0.438,216,0.296,50,0.838,0.215,0.155,0.056,0.091,0.025,0.049,0.055,DEMO
nebraska_95,Andre Johnson,nebraska,G,So,22,296.1,13.5,0.193,83.9,3.8,0.549,0.603,124,0.337,47,0.694,0.127,0.178,0.137,0.164,0.021,0.041,0.026,DEMO
nebraska_96,Andre Scott,nebraska,F,So,23,715.4,31.1,0.214,325.7,14.2,0.431,0.466,260,0.314,155,0.809,0.166,0.154,0.037,0.189,0.018,0.032,0.034,DEMO
nebraska_97,Chris Scott,nebraska,F,Fr,16,393.5,24.6,0.24,118.7,7.4,0.42,0.441,91,0.287,35,0.783,0.201,0.051,0.05,0.184,0.019,0.011,0.038,DEMO
nebraska_98,Jayden Adams,nebraska,C,Sr,29,435.9,15.0,0.17,234.2,8.1,0.563,0.577,114,0.407,41,0.842,0.182,0.149,0.067,0.169,0.031,0.005,0.028,DEMO
nebraska_99,Jordan Green,nebraska,F,Sr,26,690.0,26.5,0.275,361.1,13.9,0.572,0.608,125,0.322,130,0.8,0.106,0.122,0.135,0.15,0.023,0.03,0.03,DEMO
nebraska_100,Elijah Green,nebraska,F,So,21,369.3,17.6,0.128,194.5,9.3,0.487,0.532,78,0.399,59,0.771,0.206,0.093,0.101,0.165,0.019,0.013,0.053,DEMO
nebraska_101,Marcus Allen,nebraska,F,So,21,571.3,27.2,0.223,194.5,9.3,0.534,0.53,134,0.405,51,0.705,0.113,0.153,0.052,0.197,0.01,0.026,0.037,DEMO
maryland_102,Nate Adams,maryland,F,Fr,22,318.7,14.5,0.199,110.0,5.0,0.505,0.533,92,0.281,53,0.842,0.181,0.112,0.113,0.188,0.026,0.059,0.026,DEMO
maryland_103,Devin Hall,maryland,F,Sr,28,767.3,27.4,0.139,211.5,7.6,0.423,0.426,234,0.388,109,0.7,0.1,0.11,0.098,0.216,0.035,0.006,0.065,DEMO
maryland_104,Marcus Davis,maryland,F,Jr,23,652.4,28.4,0.184,192.0,8.3,0.431,0.429,192,0.315,104,0.792,0.107,0.242,0.133,0.19,0.04,0.035,0.068,DEMO
maryland_105,Ethan Anderson,maryland,G,Fr,19,367.0,19.3,0.18,166.6,8.8,0.545,0.571,144,0.301,53,0.766,0.181,0.102,0.061,0.208,0.019,0.031,0.065,DEMO
maryland_106,Mason Martin,maryland,G,Jr,18,475.2,26.4,0.248,174.3,9.7,0.441,0.498,105,0.354,92,0.735,0.109,0.105,0.117,0.144,0.026,0.029,0.022,DEMO
maryland_107,Andre Walker,maryland,F,Fr,19,397.3,20.9,0.128,224.4,11.8,0.577,0.62,88,0.4,45,0.841,0.214,0.249,0.105,0.217,0.027,0.019,0.042,DEMO
maryland_108,Ethan Moore,maryland,C,Jr,25,585.8,23.4,0.277,139.4,5.6,0.547,0.599,256,0.412,144,0.74,0.191,0.082,0.077,0.181,0.017,0.04,0.053,DEMO
maryland_109,Alex Martin,maryland,G,Fr,25,305.8,12.2,0.23,45.5,1.8,0.421,0.43,66,0.41,36,0.766,0.139,0.22,0.107,0.093,0.023,0.007,0.044,DEMO
maryland_110,Devin Martin,maryland,F,Fr,17,428.8,25.2,0.166,146.6,8.6,0.567,0.627,162,0.286,62,0.705,0.191,0.234,0.134,0.161,0.021,0.048,0.033,DEMO
maryland_111,Mason Jackson,maryland,F,Fr,21,476.0,22.7,0.225,125.2,6.0,0.451,0.504,143,0.294,41,0.671,0.104,0.085,0.124,0.12,0.039,0.037,0.042,DEMO
maryland_112,Ben Thomas,maryland,F,Sr,24,554.0,23.1,0.241,157.4,6.6,0.476,0.528,231,0.413,117,0.716,0.157,0.15,0.045,0.163,0.016,0.023,0.063,DEMO
rutgers_113,Alex Thomas,rutgers,C,So,17,228.2,13.4,0.271,90.4,5.3,0.486,0.53,56,0.397,48,0.78,0.179,0.08,0.125,0.155,0.018,0.028,0.022,DEMO
rutgers_114,Andre Allen,rutgers,F,Sr,16,437.0,27.3,0.187,176.6,11.0,0.429,0.487,105,0.312,52,0.69,0.1,0.196,0.136,0.111,0.03,0.046,0.062,DEMO
rutgers_115,Mason Lewis,rutgers,G,Jr,21,398.8,19.0,0.274,93.2,4.4,0.479,0.532,177,0.393,58,0.793,0.171,0.182,0.029,0.156,0.031,0.014,0.059,DEMO
rutgers_116,Noah Green,rutgers,C,Fr,16,496.7,31.0,0.162,220.4,13.8,0.467,0.505,89,0.386,82,0.738,0.144,0.237,0.119,0.178,0.031,0.03,0.066,DEMO
rutgers_117,Elijah Moore,rutgers,F,Sr,29,770.8,26.6,0.164,421.2,14.5,0.451,0.459,341,0.327,153,0.817,0.187,0.162,0.134,0.149,0.021,0.014,0.059,DEMO
rutgers_118,Ryan Thompson,rutgers,F,Sr,16,433.5,27.1,0.254,64.4,4.0,0.533,0.59,95,0.341,94,0.782,0.166,0.243,0.026,0.151,0.032,0.052,0.029,DEMO
rutgers_119,Ben Garcia,rutgers,F,So,22,633.6,28.8,0.141,364.6,16.6,0.445,0.45,260,0.321,136,0.775,0.13,0.175,0.089,0.197,0.037,0.006,0.054,DEMO
rutgers_120,Ben Allen,rutgers,F,Jr,20,309.6,15.5,0.176,140.4,7.0,0.473,0.512,52,0.337,39,0.8,0.152,0.187,0.06,0.088,0.021,0.057,0.052,DEMO
rutgers_121,Kevin Taylor,rutgers,G,Jr,26,661.9,25.5,0.219,343.1,13.2,0.436,0.438,185,0.319,60,0.845,0.162,0.086,0.136,0.096,0.022,0.046,0.055,DEMO
penn_state_122,Derek Johnson,penn_state,F,Fr,22,417.8,19.0,0.162,102.6,4.7,0.497,0.499,144,0.32,76,0.843,0.109,0.065,0.134,0.122,0.013,0.038,0.051,DEMO
penn_state_123,Luke Walker,penn_state,F,Fr,16,397.8,24.9,0.274,106.7,6.7,0.528,0.565,97,0.365,72,0.682,0.204,0.239,0.033,0.102,0.038,0.046,0.064,DEMO
penn_state_124,Andre Baker,penn_state,C,So,27,641.3,23.8,0.229,222.5,8.2,0.422,0.449,182,0.315,94,0.84,0.201,0.088,0.101,0.217,0.013,0.005,0.042,DEMO
penn_state_125,Luke Harris,penn_state,C,So,30,809.0,27.0,0.189,220.2,7.3,0.49,0.527,264,0.281,152,0.761,0.129,0.193,0.031,0.108,0.036,0.046,0.021,DEMO
penn_state_126,Cole Young,penn_state,G,Fr,20,325.8,16.3,0.169,121.3,6.1,0.537,0.566,56,0.374,72,0.839,0.197,0.215,0.132,0.156,0.016,0.039,0.057,DEMO
penn_state_127,Kevin Martin,penn_state,G,So,17,462.2,27.2,0.289,201.1,11.8,0.506,0.508,193,0.332,98,0.773,0.155,0.176,0.05,0.179,0.023,0.029,0.052,DEMO
penn_state_128,Alex Robinson,penn_state,G,Sr,29,938.0,32.3,0.222,144.3,5.0,0.468,0.488,278,0.288,91,0.833,0.192,0.132,0.099,0.116,0.015,0.014,0.024,DEMO
penn_state_129,Noah Taylor,penn_state,G,Fr,26,333.5,12.8,0.274,161.9,6.2,0.438,0.441,75,0.323,57,0.738,0.143,0.121,0.119,0.191,0.019,0.055,0.068,DEMO
penn_state_130,Derek Scott,penn_state,C,Sr,21,346.4,16.5,0.201,212.5,10.1,0.56,0.548,109,0.335,39,0.736,0.203,0.185,0.121,0.2,0.032,0.029,0.051,DEMO
duke_131,Mason Green,duke,C,Sr,18,458.5,25.5,0.231,118.1,6.6,0.439,0.432,167,0.28,76,0.788,0.119,0.067,0.022,0.103,0.037,0.018,0.038,DEMO
duke_132,Chris King,duke,C,Sr,24,394.7,16.4,0.217,104.8,4.4,0.429,0.441,85,0.313,72,0.841,0.167,0.133,0.071,0.156,0.031,0.044,0.029,DEMO
duke_133,Nate Wright,duke,C,So,29,609.1,21.0,0.221,249.2,8.6,0.438,0.467,152,0.296,120,0.653,0.125,0.128,0.127,0.109,0.025,0.028,0.021,DEMO
duke_134,Kevin Wright,duke,F,Sr,23,658.1,28.6,0.21,300.8,13.1,0.53,0.53,241,0.281,146,0.743,0.199,0.219,0.078,0.127,0.034,0.03,0.029,DEMO
duke_135,Nate Thompson,duke,F,Fr,23,695.3,30.2,0.132,234.1,10.2,0.549,0.601,118,0.308,101,0.822,0.165,0.244,0.028,0.171,0.012,0.026,0.06,DEMO
duke_136,Kyle Anderson,duke,F,Jr,24,766.6,31.9,0.171,193.9,8.1,0.476,0.486,199,0.29,155,0.727,0.179,0.192,0.021,0.11,0.03,0.032,0.02,DEMO
duke_137,Noah Brown,duke,F,So,24,694.0,28.9,0.131,365.1,15.2,0.513,0.556,271,0.385,72,0.739,0.181,0.174,0.109,0.104,0.016,0.054,0.057,DEMO
duke_138,Kyle Harris,duke,G,So,28,885.2,31.6,0.252,520.0,18.6,0.513,0.543,258,0.302,111,0.785,0.124,0.113,0.049,0.11,0.023,0.055,0.045,DEMO
duke_139,Tyler Martin,duke,F,Sr,17,219.1,12.9,0.231,73.2,4.3,0.551,0.584,50,0.391,27,0.779,0.213,0.177,0.059,0.118,0.016,0.043,0.031,DEMO
duke_140,Noah Thompson,duke,F,Sr,20,469.6,23.5,0.226,258.4,12.9,0.544,0.585,82,0.306,66,0.781,0.152,0.056,0.051,0.085,0.036,0.018,0.048,DEMO
north_carolina_141,Andre Harris,north_carolina,F,Fr,21,532.1,25.3,0.264,312.3,14.9,0.472,0.524,211,0.419,65,0.814,0.169,0.063,0.031,0.22,0.02,0.046,0.06,DEMO
north_carolina_142,Luke Johnson,north_carolina,C,Jr,19,607.1,32.0,0.126,211.5,11.1,0.441,0.423,233,0.33,80,0.75,0.179,0.096,0.022,0.187,0.029,0.047,0.022,DEMO
north_carolina_143,Kevin Harris,north_carolina,F,Sr,25,744.1,29.8,0.22,427.9,17.1,0.514,0.54,280,0.419,149,0.722,0.147,0.096,0.092,0.21,0.038,0.024,0.046,DEMO
north_carolina_144,Luke Taylor,north_carolina,F,Jr,31,989.3,31.9,0.224,539.2,17.4,0.534,0.562,283,0.287,193,0.775,0.145,0.238,0.04,0.15,0.031,0.043,0.052,DEMO
north_carolina_145,Luke Johnson,north_carolina,C,Sr,26,394.1,15.2,0.216,91.6,3.5,0.533,0.549,158,0.373,32,0.659,0.193,0.172,0.104,0.197,0.034,0.058,0.047,DEMO
north_carolina_146,Jake Allen,north_carolina,F,Sr,18,372.6,20.7,0.212,104.8,5.8,0.567,0.594,95,0.363,31,0.632,0.151,0.067,0.093,0.203,0.036,0.041,0.031,DEMO
north_carolina_147,Ryan Miller,north_carolina,G,Fr,19,578.3,30.4,0.2,314.7,16.6,0.58,0.562,194,0.406,91,0.844,0.202,0.062,0.06,0.089,0.039,0.05,0.063,DEMO
north_carolina_148,Ethan Lewis,north_carolina,C,Fr,17,550.6,32.4,0.182,98.2,5.8,0.454,0.452,126,0.346,59,0.643,0.118,0.245,0.111,0.215,0.023,0.02,0.06,DEMO
kentucky_149,Derek Adams,kentucky,C,Sr,19,341.8,18.0,0.141,92.6,4.9,0.477,0.511,72,0.289,35,0.806,0.141,0.223,0.039,0.092,0.025,0.022,0.048,DEMO
kentucky_150,Jayden Anderson,kentucky,G,Sr,25,722.5,28.9,0.18,328.6,13.1,0.464,0.483,207,0.292,158,0.69,0.107,0.134,0.075,0.182,0.027,0.042,0.059,DEMO
kentucky_151,Jordan Thompson,kentucky,F,Jr,24,730.0,30.4,0.254,465.4,19.4,0.562,0.572,216,0.307,119,0.791,0.158,0.218,0.063,0.2,0.022,0.023,0.043,DEMO
kentucky_152,Kevin Baker,kentucky,F,Sr,19,528.6,27.8,0.272,121.9,6.4,0.511,0.537,181,0.349,91,0.673,0.145,0.182,0.037,0.16,0.016,0.02,0.031,DEMO
kentucky_153,Kevin Green,kentucky,F,Sr,20,570.3,28.5,0.268,358.0,17.9,0.511,0.503,222,0.332,54,0.704,0.167,0.219,0.116,0.105,0.03,0.017,0.031,DEMO
kentucky_154,Tyler Garcia,kentucky,F,Fr,20,614.5,30.7,0.12,355.3,17.8,0.547,0.577,120,0.385,85,0.725,0.111,0.147,0.13,0.086,0.019,0.016,0.032,DEMO
kentucky_155,Devin Taylor,kentucky,G,Fr,23,727.2,31.6,0.182,281.1,12.2,0.489,0.517,276,0.42,160,0.712,0.12,0.056,0.045,0.128,0.025,0.039,0.066,DEMO
kentucky_156,Kevin Johnson,kentucky,G,So,24,510.1,21.3,0.165,213.5,8.9,0.49,0.537,80,0.302,61,0.723,0.106,0.195,0.033,0.165,0.018,0.015,0.039,DEMO
kansas_157,Mason Miller,kansas,G,So,28,807.5,28.8,0.268,211.0,7.5,0.528,0.554,214,0.41,67,0.635,0.199,0.155,0.113,0.113,0.02,0.007,0.068,DEMO
kansas_158,Luke Allen,kansas,G,Fr,20,613.3,30.7,0.255,185.0,9.2,0.556,0.611,227,0.404,78,0.684,0.216,0.052,0.106,0.179,0.029,0.059,0.036,DEMO
kansas_159,Ryan Young,kansas,F,Jr,23,387.3,16.8,0.162,121.8,5.3,0.554,0.608,101,0.306,35,0.834,0.111,0.083,0.091,0.101,0.039,0.03,0.045,DEMO
kansas_160,Chris Walker,kansas,F,Fr,26,556.9,21.4,0.24,289.5,11.1,0.512,0.565,210,0.394,45,0.633,0.125,0.183,0.069,0.136,0.037,0.054,0.065,DEMO
kansas_161,Elijah Davis,kansas,G,Fr,20,516.4,25.8,0.186,162.1,8.1,0.489,0.535,191,0.297,66,0.742,0.159,0.11,0.092,0.141,0.015,0.011,0.047,DEMO
kansas_162,Ethan Allen,kansas,F,Sr,27,849.5,31.5,0.225,517.0,19.1,0.551,0.577,356,0.372,115,0.712,0.101,0.215,0.116,0.095,0.027,0.031,0.026,DEMO
kansas_163,Alex Moore,kansas,C,Fr,17,569.4,33.5,0.215,291.7,17.2,0.425,0.458,103,0.355,100,0.66,0.136,0.238,0.118,0.218,0.018,0.058,0.042,DEMO
kansas_164,Brandon Young,kansas,F,Jr,16,272.6,17.0,0.128,133.2,8.3,0.493,0.491,61,0.366,38,0.753,0.199,0.214,0.077,0.129,0.021,0.049,0.036,DEMO
kansas_165,Ethan Scott,kansas,G,Fr,17,228.4,13.4,0.227,128.7,7.6,0.455,0.466,90,0.393,36,0.708,0.136,0.237,0.034,0.211,0.031,0.034,0.022,DEMO
gonzaga_166,Jake White,gonzaga,C,Fr,18,366.6,20.4,0.225,230.4,12.8,0.51,0.547,100,0.29,67,0.647,0.213,0.182,0.029,0.13,0.027,0.027,0.062,DEMO
gonzaga_167,Marcus Adams,gonzaga,F,Sr,21,612.8,29.2,0.161,120.0,5.7,0.477,0.49,212,0.375,90,0.636,0.122,0.081,0.119,0.086,0.023,0.014,0.064,DEMO
gonzaga_168,Brandon Martin,gonzaga,C,Jr,24,539.6,22.5,0.237,335.6,14.0,0.455,0.506,229,0.411,100,0.766,0.148,0.2,0.084,0.175,0.023,0.045,0.061,DEMO
gonzaga_169,Alex Miller,gonzaga,C,Sr,24,687.8,28.7,0.255,246.6,10.3,0.481,0.534,277,0.315,115,0.731,0.137,0.165,0.059,0.085,0.018,0.005,0.069,DEMO
gonzaga_170,David Robinson,gonzaga,G,Jr,27,894.0,33.1,0.254,487.7,18.1,0.571,0.583,205,0.39,75,0.848,0.172,0.182,0.103,0.097,0.038,0.015,0.051,DEMO
gonzaga_171,Ryan Martin,gonzaga,C,Jr,24,435.5,18.1,0.187,97.1,4.0,0.447,0.461,182,0.386,63,0.639,0.112,0.053,0.099,0.164,0.015,0.018,0.021,DEMO
gonzaga_172,Kyle Green,gonzaga,F,Fr,18,566.9,31.5,0.157,327.1,18.2,0.568,0.582,91,0.287,83,0.752,0.103,0.167,0.021,0.19,0.019,0.007,0.049,DEMO
gonzaga_173,Ryan Taylor,gonzaga,F,Sr,31,568.5,18.3,0.207,159.5,5.1,0.534,0.535,149,0.407,50,0.746,0.151,0.216,0.117,0.111,0.017,0.05,0.067,DEMO
gonzaga_174,Cameron Johnson,gonzaga,C,Sr,23,241.0,10.5,0.174,139.4,6.1,0.433,0.43,39,0.385,37,0.733,0.14,0.129,0.084,0.103,0.027,0.049,0.058,DEMO
gonzaga_175,Chris Garcia,gonzaga,F,So,18,216.0,12.0,0.163,69.9,3.9,0.485,0.52,34,0.288,42,0.71,0.123,0.178,0.051,0.204,0.037,0.021,0.031,DEMO
uconn_176,Cameron Anderson,uconn,F,Jr,26,486.0,18.7,0.252,233.0,9.0,0.552,0.564,180,0.302,94,0.703,0.132,0.066,0.139,0.102,0.04,0.059,0.06,DEMO
uconn_177,Ben Moore,uconn,G,Fr,29,729.2,25.1,0.225,330.0,11.4,0.486,0.5,232,0.326,83,0.816,0.212,0.188,0.119,0.158,0.033,0.006,0.061,DEMO
uconn_178,David Martin,uconn,F,Sr,31,923.7,29.8,0.167,229.1,7.4,0.542,0.543,167,0.401,227,0.649,0.181,0.219,0.059,0.175,0.028,0.038,0.054,DEMO
uconn_179,Alex Garcia,uconn,F,Sr,20,459.2,23.0,0.243,117.5,5.9,0.531,0.529,171,0.368,41,0.67,0.116,0.171,0.122,0.086,0.032,0.024,0.044,DEMO
uconn_180,Marcus Brown,uconn,C,Jr,23,739.5,32.2,0.122,135.8,5.9,0.461,0.444,205,0.368,81,0.746,0.136,0.183,0.136,0.087,0.037,0.037,0.048,DEMO
uconn_181,Malik Young,uconn,F,So,17,357.1,21.0,0.216,111.9,6.6,0.567,0.579,130,0.3,60,0.687,0.184,0.23,0.115,0.175,0.03,0.057,0.035,DEMO
uconn_182,Jake Lewis,uconn,F,Jr,19,331.3,17.4,0.226,152.3,8.0,0.515,0.496,81,0.382,57,0.773,0.141,0.077,0.031,0.196,0.038,0.041,0.025,DEMO
uconn_183,Noah Robinson,uconn,C,Jr,27,498.2,18.5,0.245,100.6,3.7,0.42,0.457,112,0.33,85,0.623,0.202,0.242,0.088,0.152,0.013,0.035,0.039,DEMO
uconn_184,David Clark,uconn,C,Jr,22,523.3,23.8,0.158,99.6,4.5,0.47,0.458,233,0.305,89,0.722,0.205,0.249,0.09,0.194,0.02,0.022,0.04,DEMO
uconn_185,Alex Thompson,uconn,F,Jr,26,662.6,25.5,0.17,138.8,5.3,0.521,0.511,237,0.361,137,0.781,0.205,0.15,0.108,0.167,0.016,0.006,0.034,DEMO
houston_186,Kyle Davis,houston,F,So,29,705.9,24.3,0.151,145.2,5.0,0.574,0.563,229,0.347,66,0.745,0.107,0.071,0.09,0.156,0.017,0.04,0.061,DEMO
houston_187,Brandon King,houston,F,So,27,593.0,22.0,0.16,176.0,6.5,0.518,0.57,192,0.393,84,0.788,0.177,0.143,0.043,0.178,0.027,0.025,0.066,DEMO
houston_188,Jordan King,houston,F,Sr,16,293.0,18.3,0.243,144.7,9.0,0.473,0.507,110,0.335,43,0.724,0.212,0.1,0.034,0.162,0.039,0.026,0.023,DEMO
houston_189,David Lewis,houston,F,Jr,18,398.1,22.1,0.225,255.5,14.2,0.492,0.501,73,0.336,59,0.823,0.146,0.182,0.073,0.171,0.012,0.05,0.067,DEMO
houston_190,Jordan Thomas,houston,G,So,18,559.6,31.1,0.244,242.7,13.5,0.484,0.491,149,0.298,114,0.657,0.125,0.062,0.086,0.163,0.036,0.037,0.037,DEMO
houston_191,Chris Thomas,houston,F,Fr,17,490.9,28.9,0.211,293.0,17.2,0.483,0.487,95,0.3,88,0.72,0.11,0.238,0.111,0.162,0.035,0.009,0.044,DEMO
houston_192,Nate Williams,houston,G,Fr,28,800.0,28.6,0.292,164.0,5.9,0.56,0.618,293,0.305,119,0.629,0.162,0.166,0.132,0.174,0.024,0.05,0.068,DEMO
houston_193,Alex Miller,houston,F,Sr,31,265.8,8.6,0.134,146.2,4.7,0.465,0.455,91,0.342,23,0.708,0.172,0.23,0.066,0.11,0.023,0.008,0.061,DEMO
houston_194,Marcus Lewis,houston,G,Jr,25,737.1,29.5,0.272,309.7,12.4,0.552,0.583,242,0.39,179,0.715,0.165,0.171,0.046,0.168,0.027,0.015,0.023,DEMO
houston_195,Luke Thompson,houston,C,Jr,28,664.0,23.7,0.204,170.1,6.1,0.527,0.513,132,0.342,75,0.662,0.146,0.06,0.068,0.152,0.024,0.026,0.062,DEMO
auburn_196,Nate Adams,auburn,G,Sr,16,353.8,22.1,0.24,150.7,9.4,0.56,0.585,58,0.414,30,0.643,0.122,0.158,0.097,0.086,0.038,0.051,0.035,DEMO
auburn_197,Tyler Harris,auburn,G,Sr,18,277.2,15.4,0.233,73.7,4.1,0.477,0.536,120,0.376,40,0.653,0.167,0.065,0.021,0.174,0.029,0.028,0.044,DEMO
auburn_198,Ethan Hall,auburn,G,Fr,21,394.8,18.8,0.174,245.3,11.7,0.516,0.554,105,0.324,38,0.674,0.121,0.21,0.101,0.157,0.024,0.056,0.024,DEMO
auburn_199,Derek Scott,auburn,G,Jr,28,532.0,19.0,0.194,308.5,11.0,0.553,0.551,145,0.336,58,0.845,0.196,0.117,0.108,0.139,0.027,0.051,0.06,DEMO
auburn_200,Kyle Davis,auburn,G,Sr,27,824.2,30.5,0.218,343.8,12.7,0.484,0.506,157,0.42,121,0.775,0.116,0.082,0.134,0.203,0.037,0.06,0.03,DEMO
auburn_201,Kevin Robinson,auburn,F,Sr,23,583.8,25.4,0.187,187.9,8.2,0.515,0.541,170,0.303,103,0.747,0.125,0.198,0.023,0.13,0.033,0.036,0.033,DEMO
auburn_202,Ryan Thomas,auburn,C,Sr,28,729.9,26.1,0.238,326.9,11.7,0.498,0.489,201,0.317,122,0.758,0.135,0.051,0.08,0.12,0.032,0.006,0.049,DEMO
auburn_203,Ethan Walker,auburn,F,Fr,18,584.6,32.5,0.195,110.2,6.1,0.52,0.544,179,0.337,66,0.826,0.103,0.222,0.089,0.205,0.028,0.05,0.041,DEMO
auburn_204,Kevin Moore,auburn,G,So,30,824.9,27.5,0.185,228.7,7.6,0.452,0.452,261,0.323,125,0.755,0.174,0.066,0.031,0.104,0.026,0.017,0.034,DEMO
tennessee_205,Chris Taylor,tennessee,G,So,16,451.8,28.2,0.254,245.0,15.3,0.569,0.551,187,0.302,79,0.725,0.18,0.186,0.132,0.22,0.032,0.021,0.064,DEMO
tennessee_206,Chris Johnson,tennessee,G,Sr,30,498.6,16.6,0.191,105.7,3.5,0.557,0.577,110,0.374,104,0.794,0.138,0.132,0.045,0.217,0.029,0.056,0.035,DEMO
tennessee_207,Alex Walker,tennessee,C,Sr,27,764.9,28.3,0.275,259.8,9.6,0.441,0.475,246,0.382,126,0.668,0.137,0.135,0.097,0.184,0.017,0.027,0.033,DEMO
tennessee_208,Jayden Taylor,tennessee,F,Jr,30,830.0,27.7,0.179,430.4,14.3,0.564,0.611,362,0.306,114,0.707,0.107,0.147,0.033,0.115,0.02,0.049,0.064,DEMO
tennessee_209,Alex Adams,tennessee,F,Sr,29,846.0,29.2,0.242,182.9,6.3,0.53,0.586,211,0.376,160,0.735,0.161,0.074,0.057,0.192,0.036,0.013,0.068,DEMO
tennessee_210,Jake Taylor,tennessee,G,Jr,28,706.9,25.2,0.292,211.6,7.6,0.557,0.548,263,0.379,86,0.776,0.205,0.084,0.026,0.18,0.024,0.052,0.039,DEMO
tennessee_211,Andre Davis,tennessee,F,So,24,689.5,28.7,0.15,346.8,14.5,0.502,0.53,274,0.345,138,0.811,0.113,0.218,0.101,0.178,0.021,0.053,0.056,DEMO
tennessee_212,Nate Green,tennessee,G,So,22,240.4,10.9,0.167,149.9,6.8,0.529,0.559,54,0.318,31,0.837,0.193,0.129,0.037,0.082,0.026,0.059,0.038,DEMO
tennessee_213,Jayden Wilson,tennessee,G,Jr,21,363.0,17.3,0.222,211.6,10.1,0.501,0.522,161,0.299,33,0.677,0.18,0.169,0.07,0.139,0.034,0.016,0.061,DEMO
tennessee_214,Ryan Davis,tennessee,F,Sr,22,547.1,24.9,0.193,148.4,6.7,0.54,0.561,179,0.325,84,0.849,0.21,0.119,0.027,0.109,0.023,0.017,0.02,DEMO
arizona_215,Nate Robinson,arizona,C,Sr,27,858.3,31.8,0.147,174.3,6.5,0.431,0.469,239,0.41,143,0.647,0.142,0.125,0.095,0.181,0.013,0.007,0.07,DEMO
arizona_216,Tyler Walker,arizona,C,Fr,19,267.0,14.1,0.126,90.4,4.8,0.548,0.556,94,0.342,60,0.737,0.204,0.052,0.113,0.145,0.04,0.032,0.069,DEMO
arizona_217,David Jackson,arizona,C,Jr,24,662.9,27.6,0.279,378.9,15.8,0.436,0.472,100,0.328,79,0.713,0.198,0.117,0.119,0.08,0.019,0.018,0.032,DEMO
arizona_218,Tyler Taylor,arizona,G,Fr,24,377.8,15.7,0.218,125.2,5.2,0.56,0.613,94,0.349,91,0.645,0.107,0.11,0.056,0.125,0.015,0.048,0.026,DEMO
arizona_219,Ethan Williams,arizona,F,So,17,416.6,24.5,0.266,99.1,5.8,0.551,0.575,181,0.291,94,0.677,0.12,0.221,0.022,0.152,0.033,0.056,0.065,DEMO
arizona_220,Ben Hall,arizona,C,Sr,19,565.5,29.8,0.165,162.5,8.6,0.48,0.492,111,0.356,61,0.779,0.137,0.151,0.116,0.184,0.029,0.014,0.047,DEMO
arizona_221,Chris Lewis,arizona,F,Sr,22,430.0,19.5,0.126,120.3,5.5,0.573,0.629,70,0.329,63,0.661,0.214,0.078,0.112,0.095,0.039,0.026,0.059,DEMO
arizona_222,Tyler Garcia,arizona,C,Jr,26,439.6,16.9,0.151,94.9,3.6,0.57,0.624,148,0.404,40,0.806,0.14,0.113,0.096,0.13,0.014,0.038,0.061,DEMO
arizona_223,Cameron Jackson,arizona,C,Fr,18,322.8,17.9,0.151,84.5,4.7,0.468,0.499,115,0.364,71,0.703,0.124,0.144,0.116,0.105,0.013,0.054,0.037,DEMO
arizona_224,Cameron Martin,arizona,G,Sr,16,412.5,25.8,0.204,70.4,4.4,0.518,0.517,71,0.334,53,0.654,0.111,0.232,0.021,0.148,0.014,0.022,0.066,DEMO
ucla_225,Kevin Clark,ucla,C,Fr,19,595.0,31.3,0.239,247.6,13.0,0.562,0.586,124,0.355,140,0.658,0.139,0.124,0.111,0.127,0.039,0.046,0.05,DEMO
ucla_226,Tyler Jackson,ucla,C,Jr,20,618.1,30.9,0.194,158.4,7.9,0.539,0.593,156,0.339,96,0.841,0.159,0.12,0.129,0.16,0.033,0.05,0.037,DEMO
ucla_227,Brandon Wright,ucla,F,Sr,21,608.4,29.0,0.247,373.1,17.8,0.52,0.559,245,0.393,53,0.711,0.148,0.185,0.074,0.185,0.021,0.04,0.029,DEMO
ucla_228,Jake Adams,ucla,G,Sr,19,522.2,27.5,0.265,200.6,10.6,0.455,0.512,228,0.38,83,0.718,0.208,0.155,0.105,0.115,0.023,0.012,0.03,DEMO
ucla_229,Jayden Moore,ucla,C,Jr,31,396.3,12.8,0.159,188.1,6.1,0.554,0.578,146,0.301,80,0.758,0.192,0.245,0.089,0.128,0.029,0.009,0.065,DEMO
ucla_230,Cole Thompson,ucla,C,Fr,29,538.1,18.6,0.216,182.8,6.3,0.496,0.544,221,0.328,114,0.64,0.202,0.086,0.072,0.103,0.031,0.034,0.052,DEMO
ucla_231,Nate Clark,ucla,F,So,16,259.8,16.2,0.172,109.8,6.9,0.557,0.591,113,0.341,61,0.785,0.163,0.102,0.026,0.182,0.014,0.022,0.047,DEMO
ucla_232,Ryan Baker,ucla,F,Sr,25,566.9,22.7,0.147,188.6,7.5,0.519,0.576,241,0.382,102,0.795,0.123,0.183,0.095,0.164,0.025,0.034,0.037,DEMO
ucla_233,Marcus Hall,ucla,G,So,19,408.5,21.5,0.186,75.7,4.0,0.49,0.522,95,0.341,56,0.748,0.212,0.235,0.08,0.126,0.032,0.007,0.044,DEMO
ucla_234,Elijah Clark,ucla,G,Fr,30,502.3,16.7,0.237,257.8,8.6,0.498,0.484,153,0.416,60,0.761,0.158,0.136,0.029,0.095,0.035,0.018,0.03,DEMO
creighton_235,Kyle Green,creighton,G,Fr,16,438.0,27.4,0.177,70.6,4.4,0.428,0.475,71,0.297,97,0.721,0.131,0.134,0.025,0.143,0.027,0.036,0.037,DEMO
creighton_236,Brandon Hall,creighton,C,So,21,340.3,16.2,0.136,179.0,8.5,0.575,0.632,112,0.401,43,0.781,0.176,0.141,0.078,0.186,0.018,0.022,0.066,DEMO
creighton_237,Alex Thomas,creighton,C,Jr,30,651.4,21.7,0.218,271.0,9.0,0.46,0.467,206,0.399,63,0.738,0.102,0.243,0.065,0.164,0.012,0.043,0.067,DEMO
creighton_238,Luke Garcia,creighton,C,So,25,574.2,23.0,0.243,198.7,7.9,0.561,0.593,193,0.406,76,0.65,0.124,0.232,0.111,0.175,0.019,0.015,0.058,DEMO
creighton_239,Noah Miller,creighton,C,Sr,25,508.2,20.3,0.126,155.5,6.2,0.495,0.487,108,0.418,58,0.65,0.192,0.135,0.088,0.083,0.011,0.03,0.061,DEMO
creighton_240,Mason Robinson,creighton,F,So,24,744.4,31.0,0.266,250.7,10.4,0.553,0.543,279,0.411,145,0.837,0.144,0.238,0.053,0.127,0.031,0.047,0.066,DEMO
creighton_241,Nate Wright,creighton,G,Sr,27,754.9,28.0,0.214,214.6,7.9,0.469,0.527,275,0.37,108,0.845,0.196,0.137,0.124,0.105,0.038,0.017,0.036,DEMO
creighton_242,Ben Anderson,creighton,F,Fr,22,608.5,27.7,0.217,222.2,10.1,0.539,0.537,146,0.288,66,0.729,0.143,0.13,0.027,0.162,0.037,0.013,0.05,DEMO
creighton_243,David Thomas,creighton,F,Sr,22,556.2,25.3,0.232,193.7,8.8,0.501,0.481,193,0.377,79,0.629,0.217,0.134,0.08,0.207,0.032,0.037,0.06,DEMO
creighton_244,Ryan Clark,creighton,G,Sr,23,700.9,30.5,0.214,438.9,19.1,0.532,0.518,206,0.401,121,0.636,0.15,0.226,0.044,0.196,0.027,0.008,0.069,DEMO
creighton_245,Cameron Clark,creighton,F,Sr,20,426.6,21.3,0.195,243.9,12.2,0.469,0.464,102,0.298,68,0.799,0.127,0.083,0.06,0.212,0.02,0.059,0.044,DEMO
marquette_246,Jordan Young,marquette,F,So,23,685.9,29.8,0.234,435.4,18.9,0.428,0.416,160,0.381,59,0.662,0.103,0.205,0.036,0.145,0.028,0.029,0.021,DEMO
marquette_247,Kyle Adams,marquette,C,Sr,28,794.4,28.4,0.263,285.4,10.2,0.506,0.524,330,0.334,108,0.826,0.174,0.235,0.135,0.151,0.024,0.02,0.068,DEMO
marquette_248,Cameron King,marquette,G,Sr,20,471.9,23.6,0.217,303.1,15.2,0.429,0.455,92,0.292,78,0.721,0.131,0.113,0.03,0.122,0.039,0.057,0.037,DEMO
marquette_249,Malik Allen,marquette,C,So,16,483.1,30.2,0.25,298.1,18.6,0.435,0.428,150,0.415,59,0.623,0.154,0.189,0.108,0.219,0.019,0.035,0.047,DEMO
marquette_250,Jayden Miller,marquette,C,Jr,31,575.0,18.5,0.257,225.4,7.3,0.517,0.515,206,0.356,142,0.738,0.173,0.124,0.113,0.104,0.022,0.024,0.042,DEMO
marquette_251,Ryan Davis,marquette,G,Sr,28,793.1,28.3,0.208,434.5,15.5,0.458,0.456,181,0.351,150,0.622,0.161,0.139,0.136,0.16,0.036,0.013,0.048,DEMO
marquette_252,David Miller,marquette,G,Sr,27,825.3,30.6,0.173,306.9,11.4,0.483,0.532,363,0.314,100,0.84,0.142,0.229,0.136,0.142,0.02,0.034,0.054,DEMO
marquette_253,Tyler Garcia,marquette,G,Jr,27,408.0,15.1,0.167,137.1,5.1,0.477,0.482,100,0.349,54,0.664,0.217,0.132,0.073,0.161,0.04,0.018,0.054,DEMO
marquette_254,Mason Young,marquette,F,Sr,25,665.4,26.6,0.134,320.2,12.8,0.43,0.458,141,0.384,56,0.814,0.201,0.142,0.046,0.099,0.039,0.009,0.03,DEMO
marquette_255,Cameron Adams,marquette,G,Sr,25,426.1,17.0,0.178,122.6,4.9,0.458,0.455,153,0.338,60,0.67,0.147,0.245,0.135,0.192,0.017,0.009,0.036,DEMO
marquette_256,Cole Young,marquette,F,Sr,24,358.5,14.9,0.244,205.1,8.5,0.555,0.564,87,0.376,71,0.634,0.101,0.132,0.06,0.177,0.033,0.022,0.061,DEMO
baylor_257,Kyle Hall,baylor,G,Jr,27,565.0,20.9,0.298,144.3,5.3,0.526,0.555,111,0.408,99,0.793,0.133,0.145,0.06,0.161,0.037,0.036,0.052,DEMO
baylor_258,David Brown,baylor,F,Sr,19,408.3,21.5,0.199,121.7,6.4,0.449,0.469,92,0.325,41,0.727,0.211,0.224,0.105,0.095,0.033,0.049,0.058,DEMO
baylor_259,Kevin Hall,baylor,G,Fr,29,721.5,24.9,0.25,268.4,9.3,0.505,0.487,125,0.369,93,0.72,0.165,0.077,0.103,0.191,0.015,0.011,0.027,DEMO
baylor_260,Chris Young,baylor,C,Jr,23,708.5,30.8,0.137,331.3,14.4,0.559,0.605,122,0.368,62,0.646,0.131,0.077,0.051,0.134,0.038,0.039,0.062,DEMO
baylor_261,Jayden Jackson,baylor,G,Fr,27,714.7,26.5,0.249,223.9,8.3,0.58,0.581,306,0.319,141,0.626,0.187,0.217,0.137,0.217,0.012,0.05,0.052,DEMO
baylor_262,Devin White,baylor,F,Sr,26,645.6,24.8,0.277,386.6,14.9,0.49,0.473,256,0.331,102,0.781,0.107,0.135,0.076,0.21,0.029,0.022,0.046,DEMO
baylor_263,Kyle Robinson,baylor,G,Sr,21,660.5,31.5,0.21,319.7,15.2,0.526,0.563,161,0.318,126,0.649,0.105,0.17,0.124,0.205,0.023,0.03,0.024,DEMO
baylor_264,Chris Wilson,baylor,G,Fr,29,737.8,25.4,0.219,414.8,14.3,0.56,0.56,153,0.357,173,0.643,0.198,0.202,0.026,0.198,0.023,0.024,0.047,DEMO
florida_265,Luke Lewis,florida,F,So,25,678.3,27.1,0.15,160.7,6.4,0.449,0.434,272,0.362,59,0.624,0.169,0.214,0.059,0.129,0.028,0.02,0.021,DEMO
florida_266,Ryan Hall,florida,F,Jr,25,677.9,27.1,0.239,325.7,13.0,0.453,0.461,128,0.298,153,0.776,0.216,0.176,0.042,0.095,0.034,0.037,0.051,DEMO
florida_267,Nate Allen,florida,C,Fr,29,821.2,28.3,0.129,424.3,14.6,0.556,0.559,200,0.37,70,0.84,0.17,0.083,0.105,0.105,0.017,0.032,0.066,DEMO
florida_268,Elijah Allen,florida,C,So,28,416.8,14.9,0.2,249.5,8.9,0.443,0.475,82,0.313,75,0.777,0.191,0.112,0.074,0.137,0.04,0.021,0.035,DEMO
florida_269,Ryan White,florida,G,Jr,20,465.8,23.3,0.197,275.2,13.8,0.437,0.469,93,0.407,73,0.843,0.213,0.185,0.056,0.106,0.019,0.01,0.027,DEMO
florida_270,Alex Anderson,florida,C,Sr,28,572.8,20.5,0.143,119.2,4.3,0.523,0.519,114,0.294,125,0.832,0.142,0.181,0.084,0.175,0.03,0.04,0.033,DEMO
florida_271,Jordan Harris,florida,F,Sr,30,633.3,21.1,0.211,354.1,11.8,0.579,0.572,223,0.377,156,0.845,0.182,0.099,0.116,0.095,0.033,0.055,0.039,DEMO
florida_272,Kyle Harris,florida,G,Jr,22,536.7,24.4,0.203,281.2,12.8,0.57,0.625,221,0.304,66,0.79,0.108,0.104,0.129,0.169,0.032,0.019,0.056,DEMO
florida_273,Marcus Green,florida,F,Sr,18,437.3,24.3,0.252,113.9,6.3,0.524,0.537,79,0.363,102,0.624,0.132,0.214,0.14,0.11,0.018,0.041,0.068,DEMO
florida_274,Marcus Lewis,florida,F,Fr,24,763.5,31.8,0.247,160.9,6.7,0.576,0.634,183,0.303,96,0.643,0.198,0.126,0.031,0.128,0.039,0.04,0.041,DEMO
alabama_275,Kevin Scott,alabama,F,So,29,920.0,31.7,0.165,163.7,5.6,0.429,0.419,394,0.361,205,0.734,0.154,0.192,0.108,0.104,0.021,0.04,0.024,DEMO
alabama_276,Kyle Hall,alabama,F,So,31,703.6,22.7,0.196,387.6,12.5,0.489,0.533,292,0.363,128,0.715,0.176,0.133,0.037,0.093,0.011,0.053,0.032,DEMO
alabama_277,Jake Wright,alabama,F,So,21,561.1,26.7,0.201,125.8,6.0,0.574,0.622,152,0.401,58,0.795,0.101,0.054,0.09,0.144,0.026,0.005,0.041,DEMO
alabama_278,Cole Hall,alabama,G,Fr,27,720.1,26.7,0.274,314.7,11.7,0.454,0.453,287,0.368,89,0.716,0.204,0.184,0.074,0.148,0.016,0.039,0.038,DEMO
alabama_279,Ryan Williams,alabama,F,Jr,23,779.4,33.9,0.211,468.6,20.4,0.548,0.564,253,0.381,87,0.733,0.156,0.099,0.13,0.127,0.039,0.034,0.052,DEMO
alabama_280,Tyler Thomas,alabama,G,Jr,22,486.6,22.1,0.247,178.2,8.1,0.544,0.542,132,0.303,97,0.833,0.15,0.153,0.03,0.218,0.03,0.021,0.049,DEMO
alabama_281,Chris Moore,alabama,C,So,18,563.7,31.3,0.224,149.7,8.3,0.535,0.577,188,0.374,52,0.825,0.14,0.1,0.139,0.135,0.032,0.043,0.031,DEMO
alabama_282,Ben Robinson,alabama,F,Jr,20,284.3,14.2,0.186,73.9,3.7,0.423,0.473,71,0.415,23,0.698,0.182,0.215,0.038,0.102,0.034,0.039,0.022,DEMO
alabama_283,Nate Green,alabama,G,Sr,20,483.7,24.2,0.268,265.2,13.3,0.484,0.54,184,0.337,112,0.731,0.209,0.067,0.132,0.196,0.034,0.016,0.06,DEMO
alabama_284,David Adams,alabama,F,Jr,20,602.1,30.1,0.272,101.0,5.1,0.444,0.467,206,0.361,146,0.624,0.105,0.079,0.022,0.159,0.038,0.042,0.061,DEMO
texas_285,Derek Wright,texas,G,So,17,373.6,22.0,0.23,196.3,11.5,0.498,0.49,75,0.371,68,0.821,0.119,0.242,0.082,0.09,0.029,0.019,0.06,DEMO
texas_286,Noah White,texas,C,Fr,24,757.9,31.6,0.193,393.8,16.4,0.441,0.465,134,0.356,170,0.716,0.203,0.07,0.031,0.117,0.036,0.012,0.056,DEMO
texas_287,Marcus Anderson,texas,C,Fr,21,513.7,24.5,0.246,133.4,6.4,0.522,0.521,211,0.38,116,0.649,0.171,0.075,0.071,0.103,0.031,0.047,0.025,DEMO
texas_288,Devin Allen,texas,C,Jr,30,848.8,28.3,0.202,524.5,17.5,0.506,0.517,252,0.399,138,0.729,0.202,0.216,0.068,0.127,0.025,0.037,0.032,DEMO
texas_289,Cole White,texas,C,Fr,21,601.5,28.6,0.137,157.8,7.5,0.572,0.576,173,0.304,51,0.691,0.139,0.159,0.086,0.13,0.023,0.058,0.039,DEMO
texas_290,Luke Johnson,texas,F,Jr,23,388.0,16.9,0.242,95.4,4.1,0.533,0.515,148,0.339,68,0.698,0.125,0.198,0.026,0.199,0.016,0.053,0.038,DEMO
texas_291,Cole Brown,texas,F,Sr,30,803.7,26.8,0.14,186.6,6.2,0.499,0.485,348,0.307,115,0.845,0.211,0.159,0.052,0.178,0.03,0.059,0.033,DEMO
texas_292,Cole Martin,texas,F,Fr,16,407.6,25.5,0.138,59.0,3.7,0.58,0.624,123,0.39,43,0.689,0.134,0.125,0.111,0.156,0.012,0.006,0.025,DEMO
texas_293,Jayden Williams,texas,G,Jr,30,560.2,18.7,0.272,210.7,7.0,0.478,0.467,215,0.403,93,0.659,0.158,0.175,0.134,0.161,0.026,0.008,0.023,DEMO
texas_294,Brandon Davis,texas,C,So,16,205.9,12.9,0.239,103.9,6.5,0.442,0.489,49,0.302,29,0.677,0.131,0.148,0.069,0.218,0.012,0.013,0.023,DEMO
texas_295,Malik Thompson,texas,G,Jr,16,388.3,24.3,0.232,157.8,9.9,0.51,0.504,95,0.308,44,0.757,0.114,0.244,0.023,0.192,0.034,0.021,0.027,DEMO
villanova_296,Andre Hall,villanova,G,Fr,26,674.7,25.9,0.291,329.8,12.7,0.445,0.444,143,0.398,134,0.637,0.148,0.234,0.098,0.093,0.038,0.019,0.037,DEMO
villanova_297,Mason Martin,villanova,C,Jr,23,424.6,18.5,0.14,145.8,6.3,0.476,0.518,83,0.392,60,0.704,0.118,0.21,0.105,0.107,0.021,0.011,0.051,DEMO
villanova_298,Alex White,villanova,G,So,28,888.1,31.7,0.241,531.6,19.0,0.509,0.503,357,0.333,169,0.768,0.204,0.229,0.13,0.093,0.026,0.046,0.058,DEMO
villanova_299,Ryan Taylor,villanova,C,Jr,28,665.7,23.8,0.235,123.8,4.4,0.494,0.488,103,0.327,115,0.712,0.174,0.183,0.12,0.11,0.014,0.052,0.028,DEMO
villanova_300,Jake White,villanova,G,Jr,24,800.3,33.3,0.174,235.6,9.8,0.522,0.53,135,0.41,144,0.746,0.178,0.101,0.064,0.198,0.016,0.05,0.048,DEMO
villanova_301,Malik Anderson,villanova,G,So,19,528.5,27.8,0.281,189.7,10.0,0.575,0.591,141,0.3,71,0.839,0.204,0.226,0.062,0.092,0.032,0.022,0.059,DEMO
villanova_302,Ryan Brown,villanova,G,So,28,607.7,21.7,0.222,201.1,7.2,0.479,0.501,157,0.393,117,0.741,0.132,0.106,0.132,0.181,0.027,0.041,0.021,DEMO
villanova_303,Jayden Scott,villanova,G,Jr,24,577.7,24.1,0.21,106.1,4.4,0.451,0.507,167,0.337,49,0.632,0.186,0.158,0.081,0.114,0.032,0.014,0.029,DEMO
villanova_304,Derek Scott,villanova,F,So,20,399.6,20.0,0.16,186.0,9.3,0.524,0.57,68,0.338,98,0.683,0.172,0.192,0.021,0.153,0.011,0.036,0.066,DEMO
villanova_305,Kevin Clark,villanova,G,So,24,796.3,33.2,0.292,382.0,15.9,0.43,0.448,231,0.314,142,0.725,0.143,0.083,0.08,0.196,0.03,0.024,0.067,DEMO
villanova_306,Kyle Jackson,villanova,F,So,19,602.6,31.7,0.126,309.5,16.3,0.552,0.61,198,0.405,51,0.742,0.13,0.142,0.095,0.158,0.032,0.02,0.048,DEMO
virginia_307,Derek Miller,virginia,F,Jr,28,567.7,20.3,0.231,362.3,12.9,0.464,0.484,160,0.326,111,0.817,0.206,0.091,0.125,0.088,0.037,0.023,0.036,DEMO
virginia_308,Brandon Allen,virginia,G,Fr,16,493.0,30.8,0.28,168.1,10.5,0.452,0.466,209,0.334,81,0.795,0.219,0.143,0.027,0.117,0.023,0.014,0.067,DEMO
virginia_309,Marcus White,virginia,G,So,25,698.5,27.9,0.292,407.7,16.3,0.502,0.544,220,0.359,70,0.646,0.164,0.104,0.023,0.181,0.011,0.038,0.047,DEMO
virginia_310,Marcus Wilson,virginia,F,Jr,17,564.2,33.2,0.208,317.9,18.7,0.579,0.594,238,0.325,104,0.664,0.149,0.058,0.062,0.117,0.031,0.057,0.033,DEMO
virginia_311,Derek King,virginia,G,Sr,24,698.4,29.1,0.291,367.4,15.3,0.525,0.571,307,0.371,165,0.784,0.162,0.073,0.083,0.098,0.028,0.032,0.051,DEMO
virginia_312,David Brown,virginia,G,Sr,23,365.6,15.9,0.214,129.8,5.6,0.534,0.563,99,0.322,89,0.67,0.116,0.124,0.023,0.111,0.033,0.016,0.024,DEMO
virginia_313,Kevin White,virginia,C,Fr,17,345.7,20.3,0.249,182.7,10.7,0.566,0.615,57,0.376,77,0.8,0.196,0.152,0.048,0.198,0.032,0.059,0.028,DEMO
virginia_314,Ben Taylor,virginia,C,Fr,19,263.5,13.9,0.247,62.3,3.3,0.431,0.491,105,0.283,58,0.704,0.167,0.23,0.131,0.081,0.012,0.019,0.053,DEMO
louisville_315,Cole Johnson,louisville,C,Fr,25,777.4,31.1,0.15,423.9,17.0,0.575,0.576,136,0.349,128,0.749,0.117,0.138,0.06,0.153,0.028,0.005,0.058,DEMO
louisville_316,Malik Martin,louisville,C,Fr,16,424.6,26.5,0.241,263.4,16.5,0.458,0.464,137,0.306,59,0.656,0.184,0.162,0.066,0.139,0.027,0.005,0.024,DEMO
louisville_317,Alex Thompson,louisville,C,Fr,27,834.6,30.9,0.267,232.2,8.6,0.479,0.505,361,0.403,79,0.79,0.18,0.132,0.076,0.087,0.016,0.048,0.043,DEMO
louisville_318,Cameron Walker,louisville,G,So,29,570.7,19.7,0.198,115.1,4.0,0.46,0.514,176,0.361,81,0.757,0.197,0.155,0.034,0.098,0.026,0.057,0.035,DEMO
louisville_319,Derek Anderson,louisville,G,Jr,19,581.6,30.6,0.174,294.9,15.5,0.452,0.462,213,0.35,86,0.646,0.158,0.158,0.118,0.104,0.034,0.043,0.048,DEMO
louisville_320,Mason Robinson,louisville,C,Jr,18,471.4,26.2,0.227,191.0,10.6,0.522,0.529,153,0.407,73,0.64,0.191,0.209,0.079,0.205,0.018,0.028,0.065,DEMO
louisville_321,Ben Walker,louisville,C,Sr,29,907.8,31.3,0.134,522.3,18.0,0.471,0.466,249,0.314,122,0.678,0.116,0.109,0.089,0.142,0.02,0.046,0.065,DEMO
louisville_322,Alex Davis,louisville,G,So,21,581.2,27.7,0.181,120.9,5.8,0.475,0.52,98,0.314,131,0.65,0.176,0.101,0.087,0.154,0.03,0.018,0.063,DEMO
louisville_323,Ryan Baker,louisville,C,So,27,433.2,16.0,0.123,142.6,5.3,0.476,0.5,167,0.29,84,0.67,0.196,0.162,0.109,0.173,0.021,0.049,0.035,DEMO
louisville_324,Cameron Green,louisville,C,Sr,27,617.0,22.9,0.181,181.5,6.7,0.493,0.539,193,0.41,144,0.772,0.112,0.096,0.105,0.195,0.036,0.028,0.024,DEMO
dayton_325,David Davis,dayton,C,Jr,20,387.6,19.4,0.244,70.0,3.5,0.552,0.567,68,0.363,36,0.698,0.215,0.211,0.075,0.111,0.038,0.024,0.028,DEMO
dayton_326,Cameron Allen,dayton,C,Jr,16,494.0,30.9,0.158,302.4,18.9,0.447,0.436,201,0.36,123,0.73,0.182,0.065,0.139,0.137,0.019,0.036,0.035,DEMO
dayton_327,Derek Allen,dayton,F,Sr,23,276.7,12.0,0.254,118.7,5.2,0.58,0.583,54,0.319,35,0.658,0.195,0.231,0.137,0.113,0.036,0.023,0.026,DEMO
dayton_328,Tyler Green,dayton,G,Fr,18,551.2,30.6,0.2,281.8,15.7,0.493,0.552,141,0.288,91,0.731,0.138,0.196,0.125,0.211,0.034,0.052,0.048,DEMO
dayton_329,Andre Davis,dayton,G,Jr,22,648.4,29.5,0.225,185.2,8.4,0.574,0.579,199,0.294,64,0.633,0.126,0.143,0.072,0.192,0.032,0.028,0.037,DEMO
dayton_330,Noah Williams,dayton,G,Jr,16,439.7,27.5,0.271,167.7,10.5,0.441,0.44,179,0.411,71,0.783,0.162,0.245,0.136,0.11,0.034,0.016,0.031,DEMO
dayton_331,Andre White,dayton,G,Sr,30,767.4,25.6,0.232,462.0,15.4,0.565,0.557,257,0.331,187,0.657,0.21,0.083,0.035,0.092,0.037,0.016,0.041,DEMO
dayton_332,Elijah Walker,dayton,G,Jr,25,491.8,19.7,0.192,299.3,12.0,0.565,0.608,122,0.283,62,0.764,0.209,0.177,0.029,0.207,0.039,0.009,0.047,DEMO
dayton_333,Brandon Lewis,dayton,F,So,22,349.5,15.9,0.149,151.0,6.9,0.573,0.594,117,0.292,78,0.698,0.152,0.089,0.043,0.188,0.018,0.047,0.03,DEMO
dayton_334,Jake Garcia,dayton,G,So,23,376.4,16.4,0.29,92.7,4.0,0.477,0.469,108,0.351,89,0.827,0.146,0.148,0.128,0.193,0.01,0.023,0.041,DEMO
dayton_335,Devin Adams,dayton,G,Jr,19,265.5,14.0,0.25,72.8,3.8,0.428,0.427,107,0.392,40,0.731,0.217,0.09,0.046,0.121,0.015,0.026,0.066,DEMO
san_diego_state_336,Ethan Taylor,san_diego_state,F,Sr,30,720.0,24.0,0.128,178.5,6.0,0.511,0.54,195,0.286,143,0.769,0.177,0.114,0.031,0.14,0.014,0.057,0.044,DEMO
san_diego_state_337,Mason Allen,san_diego_state,G,Jr,23,628.5,27.3,0.274,362.3,15.8,0.528,0.511,238,0.359,74,0.651,0.206,0.054,0.11,0.146,0.023,0.005,0.061,DEMO
san_diego_state_338,Chris Anderson,san_diego_state,G,Jr,26,593.2,22.8,0.294,242.3,9.3,0.484,0.54,142,0.37,132,0.649,0.143,0.182,0.076,0.108,0.028,0.008,0.041,DEMO
san_diego_state_339,Devin Johnson,san_diego_state,F,So,27,599.7,22.2,0.252,316.9,11.7,0.426,0.422,258,0.355,133,0.812,0.136,0.136,0.076,0.102,0.011,0.057,0.032,DEMO
san_diego_state_340,Ethan Allen,san_diego_state,G,Sr,30,427.2,14.2,0.253,255.7,8.5,0.475,0.505,88,0.285,89,0.811,0.142,0.125,0.084,0.08,0.017,0.016,0.033,DEMO
san_diego_state_341,Derek King,san_diego_state,G,Fr,19,550.1,29.0,0.281,145.0,7.6,0.433,0.441,173,0.385,133,0.808,0.195,0.171,0.079,0.086,0.04,0.026,0.028,DEMO
san_diego_state_342,David Robinson,san_diego_state,G,So,25,633.4,25.3,0.222,355.3,14.2,0.462,0.478,221,0.355,93,0.8,0.178,0.08,0.132,0.134,0.032,0.006,0.03,DEMO
san_diego_state_343,Andre Thompson,san_diego_state,C,Jr,30,619.9,20.7,0.204,376.8,12.6,0.497,0.517,242,0.297,144,0.677,0.209,0.239,0.082,0.175,0.033,0.012,0.05,DEMO
saint_marys_344,Elijah King,saint_marys,F,Jr,18,395.1,22.0,0.149,128.6,7.1,0.489,0.519,118,0.29,70,0.662,0.176,0.161,0.109,0.127,0.033,0.029,0.044,DEMO
saint_marys_345,Jayden Miller,saint_marys,G,So,26,646.1,24.9,0.203,120.0,4.6,0.435,0.488,121,0.376,116,0.702,0.2,0.059,0.048,0.205,0.01,0.016,0.068,DEMO
saint_marys_346,Jake Brown,saint_marys,G,Jr,17,407.1,23.9,0.194,237.6,14.0,0.487,0.524,110,0.409,68,0.664,0.209,0.211,0.028,0.177,0.027,0.055,0.026,DEMO
saint_marys_347,Jake Martin,saint_marys,C,Sr,22,651.0,29.6,0.197,115.9,5.3,0.465,0.47,152,0.412,126,0.726,0.119,0.147,0.109,0.201,0.029,0.042,0.026,DEMO
saint_marys_348,Andre Anderson,saint_marys,C,So,28,912.5,32.6,0.162,556.3,19.9,0.535,0.575,258,0.311,192,0.762,0.112,0.242,0.127,0.118,0.035,0.034,0.043,DEMO
saint_marys_349,Devin Martin,saint_marys,G,Fr,27,637.7,23.6,0.248,314.1,11.6,0.534,0.518,183,0.4,77,0.68,0.158,0.227,0.065,0.185,0.013,0.031,0.07,DEMO
saint_marys_350,Jake Allen,saint_marys,F,Sr,24,672.8,28.0,0.157,233.9,9.7,0.545,0.587,287,0.312,97,0.756,0.16,0.171,0.087,0.148,0.025,0.015,0.061,DEMO
saint_marys_351,Jayden Taylor,saint_marys,F,Sr,18,397.5,22.1,0.243,242.1,13.5,0.572,0.581,121,0.299,94,0.646,0.122,0.101,0.069,0.134,0.034,0.03,0.029,DEMO
saint_marys_352,Marcus Moore,saint_marys,G,Jr,24,358.7,14.9,0.246,152.7,6.4,0.534,0.589,155,0.408,36,0.676,0.136,0.229,0.137,0.2,0.013,0.057,0.041,DEMO
vcu_353,Kevin Anderson,vcu,G,Jr,16,333.6,20.8,0.207,126.6,7.9,0.518,0.568,93,0.373,78,0.808,0.114,0.156,0.054,0.087,0.03,0.052,0.028,DEMO
vcu_354,Brandon Johnson,vcu,F,Sr,30,873.7,29.1,0.162,519.7,17.3,0.471,0.495,142,0.287,135,0.786,0.131,0.088,0.1,0.08,0.034,0.009,0.03,DEMO
vcu_355,Chris Miller,vcu,C,Sr,21,455.6,21.7,0.171,284.7,13.6,0.523,0.505,187,0.34,43,0.689,0.191,0.171,0.088,0.088,0.014,0.039,0.03,DEMO
vcu_356,Ben Clark,vcu,F,Jr,20,458.0,22.9,0.272,258.3,12.9,0.536,0.522,136,0.295,112,0.657,0.119,0.147,0.064,0.17,0.014,0.029,0.034,DEMO
vcu_357,Malik Adams,vcu,G,Fr,30,932.4,31.1,0.202,501.2,16.7,0.425,0.482,224,0.354,85,0.703,0.219,0.058,0.099,0.142,0.038,0.019,0.047,DEMO
vcu_358,Marcus Thompson,vcu,C,Fr,17,443.0,26.1,0.151,110.8,6.5,0.538,0.533,95,0.36,106,0.818,0.162,0.12,0.048,0.087,0.018,0.041,0.047,DEMO
vcu_359,Ethan Martin,vcu,F,Sr,27,878.7,32.5,0.198,350.7,13.0,0.463,0.479,318,0.346,119,0.836,0.105,0.149,0.085,0.104,0.033,0.059,0.067,DEMO
vcu_360,Elijah Davis,vcu,C,Sr,30,393.7,13.1,0.233,145.6,4.9,0.506,0.554,103,0.347,70,0.733,0.123,0.23,0.101,0.169,0.013,0.038,0.026,DEMO
vcu_361,Cameron Wilson,vcu,G,Sr,24,241.1,10.0,0.242,45.2,1.9,0.489,0.483,76,0.418,32,0.778,0.111,0.245,0.054,0.139,0.029,0.006,0.061,DEMO
memphis_362,Andre Adams,memphis,G,Fr,16,351.2,22.0,0.285,170.6,10.7,0.46,0.445,112,0.377,49,0.713,0.126,0.184,0.136,0.105,0.028,0.028,0.042,DEMO
memphis_363,Andre Lewis,memphis,F,Sr,23,655.6,28.5,0.207,193.5,8.4,0.449,0.436,136,0.38,95,0.779,0.15,0.144,0.064,0.094,0.019,0.042,0.053,DEMO
memphis_364,Malik Adams,memphis,G,Jr,19,402.8,21.2,0.163,238.2,12.5,0.454,0.452,75,0.319,37,0.767,0.116,0.179,0.061,0.179,0.027,0.019,0.053,DEMO
memphis_365,Kyle Jackson,memphis,F,So,22,500.0,22.7,0.163,222.4,10.1,0.559,0.619,135,0.365,61,0.672,0.158,0.123,0.13,0.132,0.021,0.026,0.062,DEMO
memphis_366,Ben Hall,memphis,G,Fr,21,523.3,24.9,0.165,302.6,14.4,0.502,0.514,183,0.35,119,0.623,0.154,0.119,0.037,0.142,0.025,0.027,0.054,DEMO
memphis_367,Kevin White,memphis,F,Jr,25,780.7,31.2,0.249,154.2,6.2,0.484,0.491,318,0.36,72,0.638,0.202,0.093,0.1,0.156,0.035,0.012,0.026,DEMO
memphis_368,Kyle Davis,memphis,G,So,22,680.4,30.9,0.245,413.7,18.8,0.554,0.614,125,0.283,149,0.76,0.134,0.098,0.114,0.088,0.021,0.033,0.048,DEMO
memphis_369,Jordan Wilson,memphis,F,So,21,565.8,26.9,0.218,246.4,11.7,0.508,0.539,99,0.316,66,0.647,0.16,0.218,0.104,0.19,0.021,0.027,0.04,DEMO
memphis_370,Chris Wright,memphis,G,Sr,16,207.8,13.0,0.298,47.0,2.9,0.427,0.47,82,0.315,50,0.782,0.149,0.182,0.076,0.168,0.023,0.015,0.045,DEMO
memphis_371,Kevin Lewis,memphis,C,Sr,28,608.8,21.7,0.238,289.0,10.3,0.438,0.476,254,0.35,54,0.832,0.198,0.058,0.064,0.156,0.014,0.046,0.02,DEMO
colorado_state_372,Derek Thompson,colorado_state,F,Fr,27,637.6,23.6,0.267,316.0,11.7,0.527,0.539,118,0.28,124,0.743,0.15,0.196,0.083,0.09,0.016,0.051,0.056,DEMO
colorado_state_373,Ryan Hall,colorado_state,C,Jr,31,969.2,31.3,0.154,144.2,4.7,0.58,0.582,196,0.374,226,0.753,0.138,0.184,0.043,0.167,0.02,0.017,0.036,DEMO
colorado_state_374,Ethan Williams,colorado_state,F,Jr,22,660.8,30.0,0.159,242.6,11.0,0.471,0.511,185,0.416,116,0.818,0.119,0.188,0.082,0.171,0.037,0.029,0.065,DEMO
colorado_state_375,Elijah Thompson,colorado_state,G,Sr,25,687.9,27.5,0.298,327.8,13.1,0.427,0.433,114,0.367,107,0.625,0.14,0.138,0.052,0.103,0.031,0.033,0.03,DEMO
colorado_state_376,Jayden White,colorado_state,G,Jr,17,405.2,23.8,0.17,222.5,13.1,0.54,0.581,142,0.38,76,0.73,0.105,0.174,0.113,0.15,0.021,0.02,0.052,DEMO
colorado_state_377,Cole Adams,colorado_state,G,Fr,21,617.8,29.4,0.239,361.0,17.2,0.504,0.526,231,0.361,57,0.842,0.106,0.238,0.084,0.166,0.024,0.01,0.058,DEMO
colorado_state_378,Ryan Lewis,colorado_state,C,Fr,20,548.6,27.4,0.254,98.2,4.9,0.561,0.562,236,0.363,82,0.776,0.183,0.119,0.053,0.22,0.033,0.04,0.038,DEMO
colorado_state_379,Cameron Walker,colorado_state,F,Sr,28,627.4,22.4,0.206,353.4,12.6,0.425,0.435,178,0.313,151,0.637,0.127,0.234,0.071,0.218,0.027,0.056,0.02,DEMO
colorado_state_380,Jayden Thompson,colorado_state,G,Fr,30,823.6,27.5,0.173,292.5,9.8,0.569,0.593,158,0.354,179,0.62,0.111,0.177,0.13,0.109,0.03,0.009,0.05,DEMO
boise_state_381,Ben Hall,boise_state,G,So,20,534.4,26.7,0.244,122.1,6.1,0.539,0.543,105,0.373,54,0.778,0.151,0.099,0.11,0.117,0.036,0.054,0.03,DEMO
boise_state_382,Kyle Young,boise_state,G,Sr,22,527.1,24.0,0.252,239.9,10.9,0.465,0.475,192,0.294,105,0.736,0.13,0.115,0.06,0.084,0.02,0.049,0.065,DEMO
boise_state_383,Ben Robinson,boise_state,C,So,16,343.6,21.5,0.261,51.3,3.2,0.571,0.59,146,0.328,61,0.626,0.166,0.094,0.071,0.171,0.032,0.005,0.067,DEMO
boise_state_384,Devin Thomas,boise_state,F,Sr,20,333.4,16.7,0.126,68.1,3.4,0.578,0.583,60,0.296,75,0.785,0.131,0.054,0.047,0.088,0.013,0.029,0.031,DEMO
boise_state_385,Kevin Jackson,boise_state,C,Fr,31,663.9,21.4,0.265,283.0,9.1,0.477,0.487,244,0.338,149,0.724,0.213,0.117,0.087,0.093,0.016,0.028,0.03,DEMO
boise_state_386,Tyler Jackson,boise_state,F,Fr,23,708.2,30.8,0.217,346.2,15.1,0.481,0.531,199,0.36,112,0.635,0.198,0.173,0.12,0.149,0.014,0.006,0.035,DEMO
boise_state_387,Elijah Anderson,boise_state,C,So,20,556.1,27.8,0.199,196.5,9.8,0.486,0.484,116,0.299,63,0.633,0.101,0.175,0.058,0.216,0.016,0.024,0.038,DEMO
boise_state_388,Ethan Allen,boise_state,G,So,31,273.8,8.8,0.235,113.5,3.7,0.525,0.536,44,0.371,43,0.632,0.166,0.228,0.033,0.195,0.016,0.027,0.036,DEMO
boise_state_389,Elijah Hall,boise_state,F,Sr,18,331.3,18.4,0.201,180.1,10.0,0.491,0.51,119,0.399,41,0.733,0.206,0.165,0.047,0.118,0.034,0.007,0.07,DEMO
drake_390,Elijah Clark,drake,G,Sr,22,614.3,27.9,0.283,214.6,9.8,0.506,0.49,137,0.28,61,0.777,0.114,0.132,0.098,0.18,0.015,0.009,0.067,DEMO
drake_391,Derek Allen,drake,F,Fr,29,842.9,29.1,0.244,191.6,6.6,0.551,0.593,211,0.364,84,0.68,0.161,0.167,0.063,0.147,0.021,0.04,0.065,DEMO
drake_392,Ben White,drake,C,Fr,18,353.3,19.6,0.22,179.2,10.0,0.569,0.571,59,0.413,31,0.759,0.207,0.156,0.1,0.196,0.015,0.007,0.064,DEMO
drake_393,Elijah Wilson,drake,F,So,23,372.3,16.2,0.216,59.0,2.6,0.464,0.447,155,0.339,70,0.846,0.119,0.231,0.082,0.102,0.038,0.047,0.057,DEMO
drake_394,Kevin Garcia,drake,F,So,19,502.3,26.4,0.23,126.9,6.7,0.49,0.533,143,0.39,111,0.802,0.179,0.096,0.053,0.124,0.014,0.02,0.03,DEMO
drake_395,Derek Miller,drake,F,Fr,17,512.9,30.2,0.235,249.5,14.7,0.435,0.489,132,0.36,63,0.794,0.183,0.058,0.121,0.143,0.029,0.017,0.054,DEMO
drake_396,Brandon Robinson,drake,F,Fr,25,702.0,28.1,0.193,414.1,16.6,0.5,0.547,191,0.392,104,0.673,0.199,0.096,0.083,0.193,0.021,0.04,0.032,DEMO
drake_397,Kevin Walker,drake,F,So,28,303.6,10.8,0.136,84.6,3.0,0.557,0.565,134,0.416,26,0.682,0.185,0.14,0.032,0.179,0.011,0.053,0.027,DEMO
drake_398,Derek Wilson,drake,C,So,18,203.6,11.3,0.274,99.6,5.5,0.548,0.56,44,0.327,35,0.731,0.176,0.101,0.134,0.104,0.039,0.006,0.044,DEMO
grand_canyon_399,Jayden Martin,grand_canyon,C,Jr,25,524.6,21.0,0.19,183.7,7.3,0.537,0.572,118,0.397,94,0.76,0.144,0.147,0.058,0.1,0.016,0.011,0.054,DEMO
grand_canyon_400,Ryan Walker,grand_canyon,F,Jr,27,837.3,31.0,0.128,489.8,18.1,0.558,0.573,370,0.362,195,0.742,0.11,0.088,0.073,0.162,0.034,0.059,0.039,DEMO
grand_canyon_401,Kyle Clark,grand_canyon,C,So,25,700.6,28.0,0.152,273.4,10.9,0.539,0.58,169,0.35,135,0.844,0.149,0.106,0.108,0.114,0.015,0.034,0.034,DEMO
grand_canyon_402,Luke Baker,grand_canyon,F,So,26,633.1,24.4,0.165,90.5,3.5,0.44,0.495,139,0.401,116,0.799,0.217,0.125,0.102,0.089,0.022,0.058,0.047,DEMO
grand_canyon_403,Jake Lewis,grand_canyon,F,Sr,27,418.1,15.5,0.223,137.9,5.1,0.572,0.554,178,0.323,51,0.694,0.164,0.215,0.032,0.212,0.034,0.015,0.056,DEMO
grand_canyon_404,Kevin Thomas,grand_canyon,C,Sr,28,561.3,20.0,0.274,115.7,4.1,0.487,0.506,145,0.333,110,0.632,0.152,0.089,0.118,0.192,0.025,0.021,0.052,DEMO
grand_canyon_405,Chris Green,grand_canyon,C,So,27,451.4,16.7,0.126,85.9,3.2,0.421,0.413,202,0.29,47,0.686,0.129,0.237,0.082,0.131,0.036,0.027,0.037,DEMO
grand_canyon_406,Nate Williams,grand_canyon,G,Sr,22,294.6,13.4,0.255,84.7,3.9,0.512,0.498,80,0.307,42,0.835,0.18,0.101,0.035,0.088,0.019,0.014,0.029,DEMO
grand_canyon_407,Noah Davis,grand_canyon,F,Fr,16,444.5,27.8,0.209,147.8,9.2,0.501,0.526,106,0.324,101,0.789,0.123,0.07,0.128,0.129,0.027,0.025,0.026,DEMO
mcneese_408,Kevin Wilson,mcneese,G,Jr,19,443.1,23.3,0.272,194.1,10.2,0.436,0.459,171,0.378,46,0.765,0.185,0.185,0.023,0.138,0.02,0.042,0.031,DEMO
mcneese_409,Ben Miller,mcneese,C,Sr,28,847.4,30.3,0.267,535.6,19.1,0.422,0.452,345,0.338,209,0.678,0.174,0.209,0.03,0.106,0.033,0.006,0.061,DEMO
mcneese_410,Kyle Green,mcneese,G,Sr,21,528.0,25.1,0.257,165.8,7.9,0.437,0.423,161,0.362,87,0.791,0.151,0.13,0.023,0.127,0.039,0.053,0.036,DEMO
mcneese_411,Marcus Martin,mcneese,F,Fr,23,665.8,28.9,0.123,119.9,5.2,0.502,0.559,114,0.377,140,0.664,0.201,0.174,0.097,0.084,0.035,0.048,0.033,DEMO
mcneese_412,Ben White,mcneese,C,So,16,422.8,26.4,0.152,98.2,6.1,0.474,0.488,123,0.351,35,0.682,0.173,0.129,0.056,0.201,0.032,0.052,0.045,DEMO
mcneese_413,Tyler White,mcneese,C,So,19,492.6,25.9,0.191,86.4,4.5,0.552,0.542,201,0.406,101,0.727,0.174,0.211,0.072,0.19,0.024,0.057,0.044,DEMO
mcneese_414,Cameron Davis,mcneese,G,Jr,29,803.3,27.7,0.185,302.6,10.4,0.575,0.615,128,0.394,152,0.728,0.2,0.06,0.122,0.157,0.016,0.022,0.034,DEMO
mcneese_415,Derek Williams,mcneese,G,Jr,16,348.8,21.8,0.274,73.0,4.6,0.457,0.474,132,0.352,74,0.723,0.174,0.073,0.039,0.141,0.022,0.046,0.049,DEMO
mcneese_416,Alex Green,mcneese,C,So,18,325.6,18.1,0.156,140.2,7.8,0.488,0.509,113,0.304,40,0.816,0.159,0.245,0.06,0.163,0.013,0.038,0.024,DEMO
mcneese_417,Ryan Walker,mcneese,C,Fr,27,889.4,32.9,0.246,440.2,16.3,0.514,0.53,388,0.4,211,0.735,0.17,0.158,0.075,0.109,0.01,0.018,0.045,DEMO
vermont_418,Nate Moore,vermont,G,So,31,650.1,21.0,0.223,136.3,4.4,0.428,0.47,245,0.36,115,0.654,0.13,0.096,0.021,0.098,0.019,0.011,0.069,DEMO
vermont_419,Brandon Wright,vermont,C,Jr,19,304.5,16.0,0.214,53.2,2.8,0.558,0.615,86,0.315,57,0.625,0.15,0.104,0.045,0.172,0.022,0.015,0.054,DEMO
vermont_420,Elijah Davis,vermont,F,Fr,17,495.9,29.2,0.246,237.9,14.0,0.438,0.474,214,0.342,93,0.653,0.146,0.241,0.06,0.215,0.037,0.02,0.06,DEMO
vermont_421,Andre Hall,vermont,F,Sr,22,745.5,33.9,0.203,216.4,9.8,0.422,0.42,211,0.319,170,0.659,0.185,0.067,0.098,0.172,0.039,0.005,0.032,DEMO
vermont_422,Brandon Green,vermont,G,Sr,27,867.3,32.1,0.173,346.7,12.8,0.457,0.452,165,0.393,207,0.728,0.122,0.246,0.139,0.158,0.015,0.022,0.041,DEMO
vermont_423,Cole Robinson,vermont,G,So,31,546.0,17.6,0.263,78.1,2.5,0.515,0.569,112,0.32,109,0.77,0.183,0.114,0.05,0.214,0.038,0.03,0.062,DEMO
vermont_424,Elijah Martin,vermont,G,Fr,18,368.8,20.5,0.235,56.8,3.2,0.491,0.534,125,0.375,30,0.829,0.167,0.207,0.085,0.125,0.014,0.054,0.044,DEMO
vermont_425,Kyle Lewis,vermont,F,Sr,25,770.8,30.8,0.228,420.1,16.8,0.525,0.537,301,0.352,112,0.706,0.111,0.233,0.031,0.171,0.022,0.027,0.054,DEMO
iona_426,Ben White,iona,G,Fr,28,668.5,23.9,0.184,395.4,14.1,0.525,0.576,208,0.348,155,0.831,0.154,0.105,0.067,0.134,0.019,0.02,0.063,DEMO
iona_427,Malik Adams,iona,G,Sr,18,459.9,25.6,0.169,127.8,7.1,0.543,0.594,132,0.311,105,0.728,0.192,0.153,0.1,0.199,0.01,0.027,0.065,DEMO
iona_428,Cole Harris,iona,G,Jr,24,654.0,27.2,0.233,307.7,12.8,0.487,0.524,128,0.401,97,0.724,0.182,0.1,0.097,0.203,0.023,0.055,0.07,DEMO
iona_429,David Johnson,iona,F,Jr,31,516.5,16.7,0.273,99.0,3.2,0.422,0.415,105,0.419,115,0.736,0.102,0.171,0.053,0.201,0.019,0.043,0.054,DEMO
iona_430,Devin Taylor,iona,G,Fr,22,302.7,13.8,0.273,164.4,7.5,0.493,0.522,120,0.365,38,0.718,0.132,0.157,0.074,0.142,0.013,0.045,0.031,DEMO
iona_431,Derek Williams,iona,F,Jr,19,384.8,20.3,0.213,126.5,6.7,0.492,0.515,75,0.308,59,0.822,0.149,0.057,0.08,0.158,0.027,0.044,0.029,DEMO
iona_432,Cole Wilson,iona,F,Sr,31,874.7,28.2,0.142,342.6,11.1,0.454,0.439,168,0.326,149,0.783,0.117,0.052,0.117,0.105,0.028,0.024,0.049,DEMO
iona_433,Cole Wilson,iona,C,So,17,275.5,16.2,0.156,65.3,3.8,0.488,0.521,42,0.317,50,0.739,0.216,0.168,0.077,0.16,0.038,0.051,0.036,DEMO
iona_434,Alex Wright,iona,G,Sr,20,283.4,14.2,0.264,111.8,5.6,0.431,0.469,67,0.393,43,0.773,0.207,0.219,0.083,0.177,0.037,0.032,0.036,DEMO
princeton_435,Jordan Williams,princeton,F,So,22,607.1,27.6,0.259,306.6,13.9,0.485,0.482,142,0.33,125,0.661,0.13,0.141,0.066,0.217,0.022,0.009,0.024,DEMO
princeton_436,Cameron Thomas,princeton,G,Sr,22,527.7,24.0,0.168,211.7,9.6,0.501,0.493,98,0.295,96,0.643,0.124,0.1,0.041,0.214,0.036,0.018,0.036,DEMO
princeton_437,Nate Williams,princeton,C,So,16,349.4,21.8,0.227,141.3,8.8,0.564,0.557,135,0.393,51,0.649,0.12,0.101,0.052,0.158,0.022,0.057,0.026,DEMO
princeton_438,Devin Adams,princeton,F,Fr,28,932.8,33.3,0.174,200.0,7.1,0.557,0.562,298,0.372,153,0.729,0.188,0.068,0.1,0.205,0.012,0.013,0.056,DEMO
princeton_439,Nate Davis,princeton,F,Jr,18,361.3,20.1,0.201,74.5,4.1,0.496,0.537,106,0.316,71,0.848,0.201,0.133,0.112,0.086,0.014,0.016,0.04,DEMO
princeton_440,Malik King,princeton,C,Sr,26,779.7,30.0,0.233,339.9,13.1,0.477,0.503,136,0.328,79,0.848,0.109,0.226,0.056,0.171,0.02,0.027,0.033,DEMO
princeton_441,Cameron Wilson,princeton,C,Sr,27,545.8,20.2,0.202,335.5,12.4,0.427,0.447,232,0.362,96,0.631,0.202,0.098,0.125,0.083,0.032,0.056,0.053,DEMO
princeton_442,Devin Scott,princeton,C,Jr,16,310.6,19.4,0.267,117.4,7.3,0.425,0.46,58,0.347,28,0.669,0.169,0.174,0.081,0.194,0.036,0.039,0.021,DEMO
yale_443,Tyler Martin,yale,C,So,25,651.9,26.1,0.224,207.3,8.3,0.567,0.557,98,0.374,64,0.833,0.111,0.117,0.065,0.11,0.028,0.029,0.022,DEMO
yale_444,Cameron Davis,yale,F,Fr,27,761.6,28.2,0.236,374.7,13.9,0.47,0.458,304,0.318,124,0.846,0.101,0.078,0.059,0.161,0.012,0.057,0.038,DEMO
yale_445,Jake Thomas,yale,F,Jr,28,888.4,31.7,0.217,405.3,14.5,0.522,0.552,396,0.358,188,0.788,0.205,0.093,0.03,0.148,0.025,0.051,0.042,DEMO
yale_446,Mason Young,yale,C,Sr,16,365.5,22.8,0.218,203.5,12.7,0.445,0.473,72,0.363,90,0.648,0.147,0.095,0.041,0.173,0.028,0.04,0.024,DEMO
yale_447,Alex Thompson,yale,G,Jr,21,655.9,31.2,0.215,376.9,17.9,0.569,0.573,252,0.401,79,0.834,0.169,0.105,0.119,0.081,0.027,0.024,0.036,DEMO
yale_448,Jayden King,yale,C,Jr,25,725.7,29.0,0.257,199.7,8.0,0.503,0.519,230,0.282,131,0.772,0.188,0.164,0.028,0.096,0.028,0.02,0.024,DEMO
yale_449,Nate Hall,yale,C,Fr,21,484.8,23.1,0.235,225.3,10.7,0.473,0.514,165,0.371,39,0.747,0.184,0.125,0.133,0.195,0.028,0.019,0.03,DEMO
yale_450,Jake Hall,yale,G,Sr,23,387.6,16.9,0.232,87.4,3.8,0.576,0.565,164,0.41,78,0.741,0.152,0.176,0.061,0.122,0.027,0.032,0.049,DEMO
oakland_451,Marcus Miller,oakland,G,Sr,17,328.8,19.3,0.195,59.2,3.5,0.437,0.482,114,0.285,75,0.683,0.158,0.111,0.082,0.133,0.027,0.011,0.07,DEMO
oakland_452,Derek Brown,oakland,G,So,27,514.7,19.1,0.277,190.5,7.1,0.535,0.524,190,0.398,53,0.669,0.138,0.245,0.051,0.144,0.011,0.027,0.049,DEMO
oakland_453,Devin Harris,oakland,F,Fr,29,950.7,32.8,0.208,155.2,5.4,0.47,0.496,387,0.413,111,0.673,0.124,0.234,0.122,0.188,0.022,0.033,0.043,DEMO
oakland_454,Jake Thompson,oakland,G,Jr,16,353.6,22.1,0.284,183.4,11.5,0.488,0.509,131,0.332,74,0.8,0.187,0.091,0.061,0.146,0.02,0.047,0.036,DEMO
oakland_455,Ryan Wright,oakland,F,Fr,31,619.4,20.0,0.156,278.1,9.0,0.489,0.475,223,0.348,141,0.738,0.135,0.067,0.132,0.133,0.027,0.049,0.036,DEMO
oakland_456,Ben White,oakland,G,Sr,20,532.4,26.6,0.274,135.3,6.8,0.535,0.59,166,0.354,72,0.726,0.157,0.171,0.138,0.211,0.036,0.054,0.043,DEMO
oakland_457,Cole Anderson,oakland,F,So,22,657.8,29.9,0.274,230.7,10.5,0.516,0.553,146,0.413,110,0.792,0.132,0.205,0.086,0.173,0.02,0.031,0.051,DEMO
oakland_458,Marcus King,oakland,G,So,19,352.0,18.5,0.232,179.5,9.4,0.486,0.494,96,0.337,60,0.745,0.16,0.077,0.08,0.104,0.014,0.056,0.05,DEMO
oakland_459,Ben Harris,oakland,C,Fr,22,553.2,25.1,0.265,255.5,11.6,0.543,0.553,219,0.414,60,0.816,0.133,0.107,0.053,0.2,0.011,0.009,0.034,DEMO
oakland_460,Kevin Anderson,oakland,F,Sr,19,250.7,13.2,0.248,106.4,5.6,0.421,0.435,46,0.337,49,0.776,0.187,0.196,0.02,0.214,0.034,0.055,0.021,DEMO
samford_461,Alex Garcia,samford,F,So,29,936.1,32.3,0.135,479.5,16.5,0.574,0.608,405,0.36,170,0.722,0.157,0.237,0.029,0.15,0.031,0.049,0.049,DEMO
samford_462,Derek Adams,samford,G,Fr,17,537.7,31.6,0.163,165.4,9.7,0.506,0.559,101,0.399,96,0.641,0.164,0.103,0.128,0.21,0.022,0.054,0.039,DEMO
samford_463,Chris Baker,samford,C,Sr,17,461.7,27.2,0.268,170.8,10.0,0.538,0.547,83,0.283,91,0.734,0.14,0.189,0.104,0.179,0.025,0.055,0.044,DEMO
samford_464,Jake Adams,samford,G,Jr,20,394.1,19.7,0.249,105.3,5.3,0.469,0.51,87,0.326,83,0.659,0.116,0.141,0.081,0.176,0.029,0.05,0.022,DEMO
samford_465,Alex Brown,samford,F,Jr,18,316.8,17.6,0.166,94.3,5.2,0.504,0.537,115,0.333,40,0.697,0.165,0.055,0.03,0.139,0.038,0.045,0.024,DEMO
samford_466,Chris Young,samford,F,So,25,750.1,30.0,0.251,258.7,10.3,0.455,0.476,233,0.357,180,0.75,0.208,0.225,0.116,0.212,0.013,0.02,0.045,DEMO
samford_467,Ben Taylor,samford,F,Fr,27,810.3,30.0,0.142,218.0,8.1,0.537,0.53,185,0.329,162,0.7,0.144,0.161,0.032,0.193,0.021,0.041,0.056,DEMO
samford_468,Derek Taylor,samford,F,Sr,30,403.5,13.5,0.219,144.2,4.8,0.449,0.505,85,0.386,87,0.698,0.183,0.203,0.073,0.18,0.022,0.017,0.052,DEMO
samford_469,Devin Clark,samford,G,Jr,20,667.5,33.4,0.254,276.1,13.8,0.555,0.596,300,0.288,151,0.793,0.178,0.221,0.033,0.129,0.036,0.016,0.024,DEMO
liberty_470,Mason Baker,liberty,G,Fr,18,516.8,28.7,0.256,208.2,11.6,0.553,0.566,121,0.307,88,0.736,0.197,0.208,0.09,0.189,0.016,0.008,0.064,DEMO
liberty_471,Elijah Harris,liberty,G,Sr,27,457.2,16.9,0.283,133.4,4.9,0.422,0.426,120,0.361,104,0.743,0.209,0.103,0.075,0.157,0.038,0.06,0.032,DEMO
liberty_472,Kevin Martin,liberty,C,Fr,16,430.4,26.9,0.121,160.6,10.0,0.498,0.48,102,0.376,56,0.749,0.12,0.131,0.048,0.155,0.016,0.033,0.028,DEMO
liberty_473,Cameron Hall,liberty,G,Fr,17,460.3,27.1,0.17,203.4,12.0,0.462,0.485,196,0.352,82,0.746,0.148,0.24,0.113,0.12,0.035,0.029,0.061,DEMO
liberty_474,Ryan Allen,liberty,C,Jr,27,793.7,29.4,0.167,231.4,8.6,0.467,0.505,119,0.312,86,0.785,0.113,0.098,0.066,0.147,0.011,0.058,0.056,DEMO
liberty_475,Kevin Clark,liberty,G,So,23,422.6,18.4,0.18,100.3,4.4,0.558,0.558,173,0.333,58,0.773,0.182,0.054,0.108,0.148,0.034,0.058,0.066,DEMO
liberty_476,Andre Robinson,liberty,G,Fr,21,664.5,31.6,0.257,388.6,18.5,0.453,0.507,294,0.394,84,0.822,0.113,0.072,0.055,0.166,0.034,0.054,0.051,DEMO
liberty_477,Elijah Wilson,liberty,G,So,21,222.5,10.6,0.166,70.5,3.4,0.449,0.48,66,0.345,53,0.718,0.126,0.153,0.108,0.158,0.038,0.026,0.043,DEMO
liberty_478,Alex Taylor,liberty,F,Jr,25,257.5,10.3,0.166,57.4,2.3,0.507,0.53,92,0.291,28,0.763,0.156,0.194,0.084,0.135,0.02,0.039,0.067,DEMO
liberty_479,Tyler Anderson,liberty,F,So,17,432.9,25.5,0.194,254.7,15.0,0.435,0.494,75,0.413,61,0.835,0.201,0.134,0.073,0.169,0.033,0.007,0.05,DEMO
utah_state_480,Cole Thomas,utah_state,G,Fr,21,397.3,18.9,0.207,78.1,3.7,0.443,0.426,173,0.346,95,0.647,0.188,0.177,0.097,0.196,0.013,0.033,0.055,DEMO
utah_state_481,Ethan Lewis,utah_state,G,So,17,487.1,28.7,0.235,161.9,9.5,0.474,0.504,145,0.405,72,0.81,0.112,0.062,0.026,0.133,0.02,0.044,0.057,DEMO
utah_state_482,Jake Walker,utah_state,G,Jr,20,328.4,16.4,0.18,68.9,3.4,0.571,0.615,89,0.305,70,0.702,0.161,0.076,0.109,0.136,0.018,0.026,0.045,DEMO
utah_state_483,Marcus Brown,utah_state,G,Fr,22,372.3,16.9,0.268,85.0,3.9,0.427,0.459,146,0.388,42,0.734,0.188,0.19,0.05,0.206,0.013,0.059,0.063,DEMO
utah_state_484,Cole Moore,utah_state,F,Sr,27,830.9,30.8,0.15,302.4,11.2,0.431,0.443,220,0.384,150,0.696,0.205,0.06,0.066,0.102,0.031,0.011,0.053,DEMO
utah_state_485,Luke Baker,utah_state,G,Jr,30,479.4,16.0,0.221,73.7,2.5,0.497,0.517,90,0.325,93,0.707,0.194,0.156,0.091,0.108,0.019,0.014,0.032,DEMO
utah_state_486,Luke Taylor,utah_state,F,Sr,25,559.7,22.4,0.271,134.7,5.4,0.523,0.568,126,0.358,48,0.68,0.137,0.199,0.026,0.111,0.031,0.048,0.043,DEMO
utah_state_487,Ryan Brown,utah_state,F,Fr,22,575.3,26.1,0.146,196.7,8.9,0.513,0.569,173,0.29,95,0.696,0.103,0.113,0.118,0.158,0.024,0.021,0.035,DEMO
utah_state_488,Ryan Martin,utah_state,G,Sr,29,520.9,18.0,0.221,176.8,6.1,0.555,0.57,114,0.357,88,0.791,0.197,0.206,0.046,0.18,0.034,0.024,0.029,DEMO
nevada_489,Mason Miller,nevada,F,Jr,19,438.9,23.1,0.258,119.3,6.3,0.456,0.475,94,0.35,47,0.683,0.186,0.204,0.075,0.18,0.032,0.013,0.068,DEMO
nevada_490,David Adams,nevada,F,Jr,18,528.2,29.3,0.14,112.0,6.2,0.54,0.557,197,0.39,103,0.759,0.102,0.112,0.097,0.081,0.011,0.052,0.054,DEMO
nevada_491,Derek Wright,nevada,C,Jr,28,721.3,25.8,0.169,116.0,4.1,0.569,0.577,214,0.295,84,0.797,0.132,0.099,0.139,0.108,0.027,0.056,0.027,DEMO
nevada_492,Cameron Taylor,nevada,G,Sr,30,997.3,33.2,0.249,521.9,17.4,0.578,0.572,250,0.387,151,0.66,0.195,0.143,0.085,0.219,0.022,0.039,0.038,DEMO
nevada_493,Nate Thompson,nevada,G,So,31,803.3,25.9,0.268,150.6,4.9,0.454,0.474,181,0.283,66,0.739,0.132,0.153,0.089,0.21,0.029,0.028,0.067,DEMO
nevada_494,Brandon Williams,nevada,G,Jr,18,511.3,28.4,0.238,274.9,15.3,0.538,0.568,158,0.418,112,0.646,0.13,0.205,0.135,0.178,0.028,0.03,0.038,DEMO
nevada_495,Mason Martin,nevada,C,So,28,692.4,24.7,0.229,167.6,6.0,0.499,0.542,215,0.347,133,0.797,0.149,0.229,0.04,0.219,0.014,0.006,0.065,DEMO
nevada_496,Cameron Lewis,nevada,G,Jr,27,388.0,14.4,0.28,247.8,9.2,0.467,0.504,105,0.296,55,0.815,0.171,0.151,0.098,0.216,0.012,0.037,0.063,DEMO
nevada_497,Kevin Wilson,nevada,F,Sr,17,348.8,20.5,0.21,107.7,6.3,0.445,0.493,149,0.353,68,0.805,0.101,0.136,0.044,0.208,0.015,0.021,0.046,DEMO
new_mexico_498,Elijah Garcia,new_mexico,C,Fr,25,404.9,16.2,0.134,69.6,2.8,0.48,0.517,112,0.358,57,0.75,0.212,0.061,0.101,0.205,0.034,0.015,0.035,DEMO
new_mexico_499,Malik Robinson,new_mexico,G,Sr,28,746.0,26.6,0.262,144.0,5.1,0.535,0.569,121,0.396,106,0.625,0.118,0.162,0.13,0.135,0.035,0.005,0.028,DEMO
new_mexico_500,Jordan Lewis,new_mexico,F,Jr,30,556.9,18.6,0.136,248.4,8.3,0.492,0.547,118,0.297,85,0.627,0.133,0.224,0.093,0.166,0.026,0.01,0.042,DEMO
new_mexico_501,Jayden Thomas,new_mexico,G,Sr,30,1019.6,34.0,0.174,261.6,8.7,0.42,0.425,297,0.295,233,0.776,0.19,0.238,0.026,0.082,0.03,0.021,0.033,DEMO
new_mexico_502,Elijah Clark,new_mexico,C,Fr,24,417.5,17.4,0.19,166.6,6.9,0.528,0.539,83,0.315,86,0.7,0.191,0.183,0.048,0.162,0.027,0.032,0.047,DEMO
new_mexico_503,Andre Miller,new_mexico,G,Jr,27,629.3,23.3,0.265,132.7,4.9,0.431,0.489,105,0.414,70,0.722,0.158,0.216,0.134,0.169,0.021,0.038,0.036,DEMO
new_mexico_504,Kevin Harris,new_mexico,F,Jr,24,759.7,31.7,0.172,220.0,9.2,0.425,0.471,188,0.343,166,0.728,0.115,0.222,0.128,0.213,0.022,0.017,0.039,DEMO
new_mexico_505,Malik Williams,new_mexico,G,So,18,299.8,16.7,0.227,172.6,9.6,0.425,0.457,113,0.387,61,0.824,0.211,0.117,0.08,0.082,0.01,0.018,0.025,DEMO
new_mexico_506,Noah Thomas,new_mexico,F,Fr,18,265.8,14.8,0.125,158.8,8.8,0.421,0.46,112,0.301,50,0.825,0.181,0.051,0.138,0.203,0.037,0.041,0.037,DEMO
new_mexico_507,Ben Thompson,new_mexico,C,Jr,20,624.7,31.2,0.21,120.4,6.0,0.568,0.559,198,0.311,115,0.796,0.128,0.05,0.111,0.218,0.034,0.03,0.065,DEMO
new_mexico_508,Derek Davis,new_mexico,G,Sr,24,447.7,18.7,0.223,237.5,9.9,0.504,0.51,72,0.316,53,0.754,0.118,0.181,0.102,0.185,0.025,0.054,0.067,DEMO
byu_509,Noah White,byu,F,So,20,579.8,29.0,0.277,162.3,8.1,0.452,0.468,257,0.288,101,0.755,0.179,0.149,0.024,0.166,0.031,0.028,0.058,DEMO
byu_510,Mason Robinson,byu,F,Sr,18,295.7,16.4,0.18,167.5,9.3,0.552,0.563,108,0.362,32,0.675,0.217,0.174,0.138,0.127,0.031,0.017,0.033,DEMO
byu_511,Jayden Williams,byu,G,So,18,383.6,21.3,0.165,189.9,10.5,0.499,0.486,69,0.304,36,0.761,0.191,0.054,0.05,0.205,0.032,0.009,0.061,DEMO
byu_512,Luke Robinson,byu,F,Sr,25,723.4,28.9,0.229,462.7,18.5,0.457,0.487,117,0.344,72,0.623,0.178,0.163,0.086,0.084,0.024,0.056,0.04,DEMO
byu_513,Mason Baker,byu,G,So,28,772.7,27.6,0.28,261.6,9.3,0.562,0.561,128,0.319,116,0.803,0.127,0.096,0.128,0.197,0.027,0.039,0.044,DEMO
byu_514,Mason Jackson,byu,F,So,18,545.6,30.3,0.187,171.9,9.6,0.5,0.516,104,0.353,66,0.738,0.122,0.063,0.112,0.14,0.029,0.045,0.054,DEMO
byu_515,Mason King,byu,C,Jr,22,445.1,20.2,0.222,173.7,7.9,0.556,0.606,84,0.304,58,0.765,0.102,0.228,0.047,0.21,0.032,0.047,0.03,DEMO
byu_516,Ben Green,byu,F,Sr,24,338.1,14.1,0.148,99.9,4.2,0.471,0.464,130,0.309,28,0.658,0.176,0.245,0.06,0.097,0.027,0.055,0.059,DEMO
byu_517,Luke Green,byu,F,Fr,21,507.9,24.2,0.207,95.7,4.6,0.529,0.567,115,0.415,87,0.624,0.185,0.208,0.043,0.117,0.025,0.023,0.063,DEMO
byu_518,Cameron Allen,byu,F,Fr,28,568.9,20.3,0.213,301.2,10.8,0.473,0.52,178,0.318,91,0.669,0.138,0.103,0.136,0.102,0.034,0.059,0.021,DEMO
clemson_519,David Adams,clemson,F,Fr,16,418.8,26.2,0.184,255.7,16.0,0.422,0.449,172,0.35,82,0.639,0.182,0.184,0.133,0.195,0.011,0.031,0.04,DEMO
clemson_520,Nate Hall,clemson,C,So,22,462.6,21.0,0.189,292.6,13.3,0.434,0.488,155,0.347,65,0.811,0.152,0.132,0.065,0.21,0.035,0.011,0.025,DEMO
clemson_521,Ethan Garcia,clemson,G,So,25,478.1,19.1,0.233,70.0,2.8,0.471,0.505,212,0.348,67,0.821,0.105,0.219,0.129,0.195,0.014,0.06,0.033,DEMO
clemson_522,Derek Green,clemson,C,So,19,573.1,30.2,0.265,170.5,9.0,0.576,0.579,95,0.413,97,0.783,0.157,0.095,0.105,0.107,0.027,0.019,0.068,DEMO
clemson_523,Ethan Young,clemson,G,Fr,19,303.9,16.0,0.193,118.1,6.2,0.56,0.597,53,0.361,32,0.78,0.194,0.1,0.07,0.129,0.036,0.012,0.048,DEMO
clemson_524,Marcus Thompson,clemson,F,Jr,30,782.9,26.1,0.19,302.9,10.1,0.568,0.59,253,0.348,76,0.779,0.199,0.137,0.029,0.19,0.021,0.011,0.052,DEMO
clemson_525,Derek Martin,clemson,C,So,31,957.4,30.9,0.259,137.8,4.4,0.481,0.526,316,0.331,136,0.759,0.209,0.151,0.076,0.22,0.025,0.015,0.046,DEMO
clemson_526,Ben Wright,clemson,C,Sr,28,816.6,29.2,0.246,405.7,14.5,0.461,0.51,170,0.405,200,0.65,0.204,0.229,0.126,0.156,0.029,0.035,0.023,DEMO
clemson_527,Alex Miller,clemson,G,So,24,657.2,27.4,0.23,255.5,10.6,0.447,0.45,137,0.302,69,0.844,0.132,0.168,0.093,0.102,0.034,0.048,0.032,DEMO
clemson_528,Jake Garcia,clemson,F,Sr,31,480.7,15.5,0.252,236.4,7.6,0.433,0.447,99,0.358,87,0.723,0.139,0.206,0.121,0.125,0.035,0.011,0.062,DEMO
clemson_529,Chris Thompson,clemson,F,Jr,17,203.5,12.0,0.223,77.1,4.5,0.565,0.574,61,0.32,28,0.725,0.183,0.202,0.122,0.216,0.018,0.044,0.04,DEMO
miami_530,Mason Garcia,miami,F,So,31,793.7,25.6,0.237,491.4,15.9,0.554,0.606,228,0.394,113,0.678,0.102,0.155,0.081,0.154,0.039,0.055,0.028,DEMO
miami_531,Nate Clark,miami,F,Jr,21,430.1,20.5,0.248,174.1,8.3,0.512,0.56,81,0.393,66,0.784,0.135,0.06,0.078,0.13,0.018,0.043,0.058,DEMO
miami_532,Elijah Wright,miami,F,Jr,29,416.6,14.4,0.122,254.7,8.8,0.52,0.526,63,0.315,43,0.674,0.173,0.083,0.083,0.163,0.019,0.007,0.022,DEMO
miami_533,Alex Young,miami,F,Sr,21,562.4,26.8,0.247,201.8,9.6,0.492,0.514,130,0.38,98,0.648,0.139,0.138,0.098,0.149,0.029,0.035,0.057,DEMO
miami_534,Luke White,miami,F,Jr,26,685.2,26.4,0.26,246.0,9.5,0.486,0.527,117,0.362,58,0.825,0.19,0.202,0.134,0.088,0.028,0.029,0.037,DEMO
miami_535,Brandon Lewis,miami,F,Sr,23,534.8,23.3,0.137,240.2,10.4,0.538,0.579,145,0.407,121,0.839,0.136,0.082,0.072,0.136,0.027,0.037,0.057,DEMO
miami_536,Devin Wright,miami,C,So,29,616.5,21.3,0.17,387.4,13.4,0.439,0.496,135,0.293,123,0.631,0.202,0.137,0.131,0.163,0.029,0.051,0.035,DEMO
miami_537,Jayden Thomas,miami,F,Fr,30,516.3,17.2,0.264,325.9,10.9,0.564,0.554,140,0.395,82,0.848,0.166,0.156,0.059,0.091,0.037,0.049,0.027,DEMO
miami_538,Ryan Hall,miami,F,Jr,26,733.1,28.2,0.185,197.8,7.6,0.558,0.594,244,0.357,117,0.641,0.123,0.092,0.099,0.208,0.022,0.016,0.052,DEMO
miami_539,Jordan Moore,miami,C,Jr,27,827.6,30.7,0.259,340.2,12.6,0.54,0.532,220,0.329,196,0.738,0.205,0.077,0.041,0.13,0.019,0.039,0.065,DEMO
texas_am_540,Brandon Walker,texas_am,G,So,29,957.6,33.0,0.189,388.0,13.4,0.509,0.548,249,0.311,232,0.704,0.153,0.201,0.11,0.117,0.027,0.054,0.044,DEMO
texas_am_541,Jayden Allen,texas_am,F,So,17,553.7,32.6,0.263,313.8,18.5,0.579,0.613,220,0.411,97,0.814,0.146,0.237,0.072,0.155,0.023,0.036,0.044,DEMO
texas_am_542,Jayden Davis,texas_am,F,Sr,23,681.7,29.6,0.214,144.8,6.3,0.421,0.42,122,0.379,79,0.829,0.125,0.086,0.022,0.188,0.036,0.039,0.029,DEMO
texas_am_543,Alex Garcia,texas_am,F,Fr,31,667.1,21.5,0.16,339.3,10.9,0.49,0.494,114,0.344,80,0.804,0.187,0.064,0.135,0.107,0.036,0.05,0.068,DEMO
texas_am_544,Marcus Clark,texas_am,G,So,21,557.5,26.5,0.222,125.8,6.0,0.577,0.565,188,0.362,107,0.744,0.114,0.161,0.054,0.212,0.033,0.058,0.022,DEMO
texas_am_545,Cole Baker,texas_am,C,Sr,16,254.5,15.9,0.159,122.7,7.7,0.457,0.478,91,0.404,36,0.711,0.155,0.085,0.096,0.131,0.036,0.047,0.051,DEMO
texas_am_546,Cole Moore,texas_am,C,Jr,28,489.1,17.5,0.198,124.8,4.5,0.451,0.444,106,0.389,76,0.741,0.17,0.225,0.124,0.143,0.01,0.028,0.05,DEMO
texas_am_547,Elijah Hall,texas_am,F,Fr,26,585.0,22.5,0.145,272.7,10.5,0.449,0.489,212,0.327,87,0.631,0.185,0.095,0.115,0.168,0.028,0.024,0.044,DEMO
texas_am_548,Cole Lewis,texas_am,G,So,23,541.2,23.5,0.221,132.1,5.7,0.454,0.435,202,0.322,61,0.803,0.215,0.15,0.13,0.179,0.032,0.01,0.031,DEMO
arkansas_549,Chris Williams,arkansas,C,Sr,21,582.4,27.7,0.251,121.3,5.8,0.448,0.455,148,0.337,56,0.796,0.142,0.217,0.028,0.212,0.04,0.01,0.035,DEMO
arkansas_550,Chris King,arkansas,C,Jr,25,688.2,27.5,0.223,359.0,14.4,0.439,0.486,222,0.379,136,0.825,0.124,0.136,0.079,0.088,0.039,0.012,0.055,DEMO
arkansas_551,Marcus Thomas,arkansas,G,Fr,30,634.9,21.2,0.233,163.4,5.4,0.439,0.449,191,0.316,112,0.842,0.207,0.18,0.077,0.2,0.024,0.053,0.035,DEMO
arkansas_552,Elijah Thompson,arkansas,F,Sr,25,727.7,29.1,0.262,445.2,17.8,0.429,0.449,245,0.332,92,0.803,0.167,0.192,0.036,0.194,0.028,0.057,0.037,DEMO
arkansas_553,Ben Thompson,arkansas,G,Jr,17,376.2,22.1,0.165,195.5,11.5,0.504,0.514,126,0.289,48,0.755,0.209,0.111,0.074,0.156,0.013,0.056,0.039,DEMO
arkansas_554,Brandon Jackson,arkansas,F,So,25,493.6,19.7,0.202,241.9,9.7,0.429,0.432,85,0.395,47,0.817,0.2,0.122,0.093,0.101,0.012,0.017,0.026,DEMO
arkansas_555,Cole Anderson,arkansas,C,So,25,557.2,22.3,0.246,262.4,10.5,0.517,0.53,152,0.346,66,0.814,0.101,0.18,0.044,0.205,0.036,0.009,0.025,DEMO
arkansas_556,David Jackson,arkansas,G,Jr,25,521.9,20.9,0.26,229.8,9.2,0.472,0.454,111,0.385,79,0.812,0.169,0.225,0.124,0.132,0.016,0.048,0.042,DEMO
arkansas_557,Chris Walker,arkansas,F,Sr,30,389.8,13.0,0.152,60.7,2.0,0.423,0.453,94,0.373,53,0.694,0.182,0.062,0.131,0.111,0.04,0.014,0.059,DEMO
lsu_558,Tyler Harris,lsu,F,Fr,29,400.5,13.8,0.257,138.0,4.8,0.532,0.557,97,0.399,65,0.74,0.142,0.228,0.04,0.101,0.027,0.041,0.03,DEMO
lsu_559,Derek Garcia,lsu,G,Jr,19,587.7,30.9,0.264,215.6,11.3,0.57,0.609,188,0.344,106,0.779,0.205,0.121,0.056,0.11,0.011,0.007,0.064,DEMO
lsu_560,Marcus Anderson,lsu,F,Sr,25,641.0,25.6,0.256,245.5,9.8,0.559,0.568,230,0.41,112,0.679,0.164,0.078,0.091,0.124,0.012,0.057,0.052,DEMO
lsu_561,Ryan Wright,lsu,F,Jr,21,646.8,30.8,0.202,310.9,14.8,0.574,0.574,276,0.402,154,0.774,0.148,0.241,0.104,0.086,0.037,0.032,0.043,DEMO
lsu_562,Elijah Lewis,lsu,F,Fr,23,522.7,22.7,0.253,78.7,3.4,0.464,0.444,192,0.338,125,0.804,0.173,0.101,0.131,0.189,0.027,0.043,0.066,DEMO
lsu_563,Cole White,lsu,F,So,27,716.1,26.5,0.126,240.7,8.9,0.485,0.478,136,0.283,154,0.771,0.219,0.119,0.092,0.211,0.015,0.044,0.058,DEMO
lsu_564,Jake Davis,lsu,G,Sr,29,847.5,29.2,0.173,141.9,4.9,0.474,0.494,195,0.355,120,0.83,0.105,0.11,0.084,0.137,0.018,0.012,0.061,DEMO
lsu_565,Chris Harris,lsu,F,Jr,21,711.9,33.9,0.181,321.7,15.3,0.535,0.546,226,0.407,135,0.724,0.214,0.209,0.025,0.127,0.024,0.022,0.055,DEMO
lsu_566,Cole Thomas,lsu,G,Jr,27,796.0,29.5,0.198,462.0,17.1,0.543,0.552,144,0.383,135,0.802,0.135,0.181,0.097,0.109,0.011,0.029,0.048,DEMO
lsu_567,Kyle Miller,lsu,F,Sr,30,923.8,30.8,0.205,480.1,16.0,0.49,0.53,241,0.309,76,0.766,0.187,0.217,0.068,0.143,0.036,0.048,0.034,DEMO
lsu_568,Ryan King,lsu,G,Jr,26,427.0,16.4,0.183,127.2,4.9,0.564,0.599,162,0.418,49,0.837,0.193,0.054,0.1,0.146,0.02,0.052,0.063,DEMO
georgia_569,Kevin Clark,georgia,C,So,21,508.0,24.2,0.187,283.9,13.5,0.47,0.525,177,0.305,62,0.775,0.139,0.217,0.111,0.126,0.026,0.008,0.03,DEMO
georgia_570,Jake Wright,georgia,F,Fr,29,598.3,20.6,0.235,367.8,12.7,0.531,0.586,197,0.358,113,0.845,0.104,0.195,0.129,0.191,0.028,0.042,0.07,DEMO
georgia_571,Ben Young,georgia,C,Jr,20,506.9,25.3,0.222,226.4,11.3,0.445,0.441,95,0.367,112,0.681,0.139,0.148,0.133,0.112,0.022,0.038,0.058,DEMO
georgia_572,Ethan Davis,georgia,G,Fr,28,880.4,31.4,0.163,294.7,10.5,0.443,0.479,143,0.373,107,0.812,0.152,0.184,0.072,0.142,0.012,0.027,0.058,DEMO
georgia_573,Ethan Clark,georgia,F,So,22,699.5,31.8,0.232,429.7,19.5,0.463,0.478,232,0.391,130,0.645,0.122,0.152,0.083,0.203,0.024,0.02,0.032,DEMO
georgia_574,Cameron Adams,georgia,G,Sr,22,676.1,30.7,0.268,256.9,11.7,0.476,0.485,213,0.399,157,0.785,0.208,0.116,0.134,0.083,0.021,0.054,0.034,DEMO
georgia_575,Jake Moore,georgia,G,Sr,25,451.3,18.1,0.262,266.4,10.7,0.528,0.524,103,0.411,43,0.654,0.168,0.073,0.037,0.122,0.018,0.038,0.061,DEMO
georgia_576,Ben Thompson,georgia,G,Fr,20,555.9,27.8,0.295,81.7,4.1,0.561,0.557,140,0.413,111,0.721,0.171,0.114,0.086,0.182,0.011,0.006,0.043,DEMO
georgia_577,Derek Robinson,georgia,C,Sr,26,297.1,11.4,0.154,106.8,4.1,0.452,0.476,46,0.296,71,0.632,0.117,0.192,0.028,0.095,0.025,0.031,0.068,DEMO
georgia_578,Ethan Williams,georgia,C,Sr,28,911.8,32.6,0.216,337.7,12.1,0.477,0.533,295,0.364,80,0.673,0.213,0.113,0.073,0.096,0.035,0.007,0.062,DEMO
georgia_579,David Johnson,georgia,F,Sr,30,349.4,11.6,0.237,78.7,2.6,0.511,0.516,142,0.305,51,0.713,0.12,0.127,0.125,0.131,0.039,0.057,0.027,DEMO
usc_580,David Moore,usc,G,Fr,22,643.6,29.3,0.198,284.2,12.9,0.548,0.539,274,0.295,116,0.793,0.192,0.136,0.111,0.132,0.017,0.045,0.041,DEMO
usc_581,Andre White,usc,G,Fr,30,1005.5,33.5,0.194,544.9,18.2,0.489,0.543,375,0.343,119,0.727,0.124,0.135,0.111,0.165,0.031,0.021,0.044,DEMO
usc_582,Tyler Garcia,usc,G,Fr,31,878.9,28.4,0.162,200.2,6.5,0.524,0.553,198,0.39,173,0.796,0.139,0.159,0.038,0.143,0.036,0.028,0.062,DEMO
usc_583,Andre Wilson,usc,F,So,25,583.7,23.3,0.201,199.7,8.0,0.439,0.452,104,0.29,76,0.716,0.211,0.125,0.111,0.154,0.031,0.019,0.067,DEMO
usc_584,Devin Baker,usc,C,Sr,21,601.2,28.6,0.136,288.4,13.7,0.421,0.439,203,0.307,95,0.845,0.198,0.152,0.08,0.21,0.037,0.048,0.035,DEMO
usc_585,Malik Harris,usc,C,Fr,23,509.9,22.2,0.197,284.9,12.4,0.563,0.577,208,0.282,94,0.66,0.103,0.13,0.138,0.094,0.023,0.022,0.065,DEMO
usc_586,Cole Adams,usc,G,Jr,17,520.2,30.6,0.207,249.1,14.7,0.425,0.416,111,0.376,46,0.817,0.126,0.25,0.072,0.178,0.015,0.039,0.056,DEMO
usc_587,Chris Clark,usc,G,Sr,29,469.1,16.2,0.214,197.8,6.8,0.512,0.506,118,0.336,98,0.712,0.158,0.238,0.055,0.138,0.034,0.035,0.047,DEMO
usc_588,Marcus Wright,usc,F,Fr,31,466.2,15.0,0.169,272.8,8.8,0.528,0.535,187,0.356,50,0.823,0.141,0.117,0.025,0.164,0.036,0.026,0.057,DEMO
oregon_589,Jake King,oregon,C,Sr,18,437.8,24.3,0.233,249.6,13.9,0.53,0.511,74,0.31,91,0.751,0.113,0.218,0.087,0.177,0.039,0.01,0.065,DEMO
oregon_590,Kyle Taylor,oregon,C,Sr,29,575.9,19.9,0.265,228.1,7.9,0.515,0.552,107,0.397,93,0.806,0.154,0.135,0.081,0.212,0.026,0.057,0.029,DEMO
oregon_591,Derek Anderson,oregon,F,So,26,734.4,28.2,0.217,312.3,12.0,0.558,0.603,297,0.297,90,0.715,0.204,0.136,0.117,0.117,0.01,0.032,0.025,DEMO
oregon_592,Jayden Scott,oregon,G,Sr,23,635.1,27.6,0.2,338.9,14.7,0.444,0.476,224,0.408,62,0.807,0.13,0.229,0.106,0.17,0.03,0.028,0.022,DEMO
oregon_593,Kyle Moore,oregon,G,Fr,23,653.1,28.4,0.207,189.4,8.2,0.56,0.603,123,0.352,125,0.669,0.146,0.217,0.134,0.193,0.021,0.048,0.038,DEMO
oregon_594,Mason Williams,oregon,G,Sr,22,278.7,12.7,0.193,68.6,3.1,0.575,0.557,68,0.39,65,0.629,0.117,0.16,0.053,0.089,0.011,0.011,0.024,DEMO
oregon_595,Kyle King,oregon,G,Fr,21,583.3,27.8,0.29,348.9,16.6,0.535,0.585,154,0.325,108,0.761,0.158,0.13,0.138,0.195,0.023,0.045,0.033,DEMO
oregon_596,Ryan Taylor,oregon,C,So,21,222.7,10.6,0.184,33.7,1.6,0.55,0.559,38,0.361,51,0.66,0.173,0.24,0.14,0.132,0.019,0.052,0.07,DEMO
oregon_597,Derek Robinson,oregon,G,Jr,28,682.4,24.4,0.21,293.4,10.5,0.553,0.588,171,0.283,81,0.653,0.209,0.057,0.046,0.123,0.029,0.034,0.031,DEMO
oregon_598,David Lewis,oregon,F,Jr,19,233.1,12.3,0.2,64.9,3.4,0.572,0.589,85,0.288,44,0.696,0.134,0.164,0.113,0.21,0.018,0.023,0.043,DEMO
washington_599,Elijah Baker,washington,F,So,17,545.8,32.1,0.141,213.2,12.5,0.437,0.445,186,0.301,136,0.838,0.145,0.17,0.123,0.096,0.031,0.027,0.03,DEMO
washington_600,Andre Thomas,washington,F,Jr,27,498.7,18.5,0.16,148.9,5.5,0.439,0.489,160,0.349,74,0.751,0.123,0.199,0.035,0.095,0.031,0.016,0.035,DEMO
washington_601,Noah Lewis,washington,G,So,27,566.6,21.0,0.25,283.3,10.5,0.467,0.473,137,0.341,123,0.847,0.12,0.051,0.025,0.114,0.013,0.034,0.063,DEMO
washington_602,Noah Garcia,washington,C,Fr,22,597.4,27.2,0.201,327.4,14.9,0.554,0.607,214,0.351,105,0.646,0.13,0.136,0.096,0.116,0.012,0.006,0.021,DEMO
washington_603,Cole Allen,washington,F,Sr,19,269.9,14.2,0.155,171.7,9.0,0.469,0.459,109,0.356,35,0.776,0.167,0.193,0.107,0.173,0.036,0.053,0.049,DEMO
washington_604,Alex Martin,washington,F,Sr,29,720.1,24.8,0.121,460.0,15.9,0.449,0.467,156,0.402,73,0.73,0.147,0.085,0.064,0.132,0.04,0.06,0.026,DEMO
washington_605,Elijah Harris,washington,G,So,16,430.0,26.9,0.295,263.7,16.5,0.451,0.444,131,0.314,50,0.751,0.191,0.112,0.131,0.172,0.023,0.048,0.061,DEMO
washington_606,Kyle Adams,washington,C,So,21,326.6,15.6,0.27,73.6,3.5,0.427,0.443,124,0.392,55,0.831,0.112,0.168,0.113,0.093,0.015,0.006,0.05,DEMO
washington_607,Alex Miller,washington,F,Sr,26,807.4,31.1,0.277,140.8,5.4,0.564,0.61,356,0.324,186,0.686,0.206,0.202,0.088,0.097,0.026,0.025,0.06,DEMO
washington_608,Noah Martin,washington,G,Sr,30,831.3,27.7,0.273,508.9,17.0,0.546,0.537,129,0.291,155,0.765,0.218,0.13,0.06,0.167,0.035,0.057,0.06,DEMO
